event_id,signal,baseline_days,stress_multiple,baseline,peak,peak_ratio,time_to_peak_h,duration_above_h
cr-2020-covid,v,15,1.5,0.000359,0.075106,209.41,0.48,0.83
cr-2020-covid,sigma,15,1.5,0.000629,0.016744,26.617,62.68,388.4
cr-2020-covid,q,15,1.5,25.879777,2319.28637,89.618,2.6,5.8
cr-2020-covid,s_eff,15,1.5,7.752408,1167.347629,150.579,0.73,35.27
cr-2020-covid,illiq,15,1.5,0.0,0.0,136.939,0.0,0.03
cr-2021-elonchina,v,15,1.5,0.000437,0.059738,136.747,0.9,0.98
cr-2021-elonchina,sigma,15,1.5,0.000709,0.011624,16.399,169.65,471.05
cr-2021-elonchina,q,15,1.5,28.426868,1848.147496,65.014,12.28,43.05
cr-2021-elonchina,s_eff,15,1.5,8.808495,824.506749,93.604,6.48,15.37
cr-2021-elonchina,illiq,15,1.5,0.0,0.0,21.22,0.0,0.17
cr-2022-luna,v,15,1.5,0.000619,0.805849,1302.333,2.67,4.12
cr-2022-luna,sigma,15,1.5,0.001091,0.128138,117.481,122.87,119.88
cr-2022-luna,q,15,1.5,1211.73,7258487090.21,5990185.182,86.48,86.82
cr-2022-luna,s_eff,15,1.5,12.216114,9299.171063,761.222,67.12,75.02
cr-2022-luna,illiq,15,1.5,0.0,1e-06,242.847,1.17,1.0
cr-2022-ftx,v,15,1.5,0.000225,0.044764,198.583,0.35,1.12
cr-2022-ftx,sigma,15,1.5,0.000431,0.005373,12.462,16.78,104.57
cr-2022-ftx,q,15,1.5,128.34018,4448.79635,34.664,4.45,8.42
cr-2022-ftx,s_eff,15,1.5,5.698158,535.545924,93.986,5.68,8.8
cr-2022-ftx,illiq,15,1.5,0.0,0.0,16.428,0.1,0.12
cr-2022-celsius,v,15,1.5,0.000387,0.022701,58.7,0.07,0.33
cr-2022-celsius,sigma,15,1.5,0.000724,0.003961,5.475,77.82,118.33
cr-2022-celsius,q,15,1.5,23.8212,3971.22457,166.71,0.02,3.93
cr-2022-celsius,s_eff,15,1.5,7.16764,445.262586,62.121,7.92,11.35
cr-2022-celsius,illiq,15,1.5,0.0,0.0,16.297,0.0,0.02
cr-2023-curve,s,15,1.5,12.659402,22.253097,1.758,6.08,2.8
cr-2023-curve,v,15,1.5,0.001265,0.029794,23.552,0.0,0.17
cr-2023-curve,sigma,15,1.5,0.000872,0.006632,7.604,38.92,146.4
cr-2023-curve,q,15,1.5,811.3,5012998.2,6178.97,0.45,3.82
cr-2023-curve,d,15,1.5,119945.029609,57217.295794,2.096,0.02,0.23
cr-2023-curve,illiq,15,1.5,0.0,0.000173,384.956,0.0,0.02
cr-2024-etf,s,15,1.5,0.026185,5.730413,218.84,0.32,0.58
cr-2024-etf,v,15,1.5,0.000272,0.028054,103.064,0.37,0.68
cr-2024-etf,sigma,15,1.5,0.000492,0.003787,7.69,12.12,43.2
cr-2024-etf,q,15,1.5,15.97854,1598.53715,100.043,1.13,6.62
cr-2024-etf,d,15,1.5,13.626471,0.895477,15.217,1.88,2.25
cr-2024-etf,illiq,15,1.5,0.0,0.0,13.199,0.07,0.12
eq-2008-lehman,v,15,1.5,0.010314,0.109572,10.624,264.0,120.0
eq-2008-lehman,sigma,15,1.5,0.011433,0.062736,5.487,1032.0,936.0
eq-2008-lehman,q,15,1.5,3785180000.0,11456230000.0,3.027,768.0,768.0
eq-2008-lehman,illiq,15,1.5,0.0,0.0,7.764,0.0,48.0
eq-2018-volmageddon,v,15,1.5,0.025696,0.768245,29.898,72.0,168.0
eq-2018-volmageddon,sigma,15,1.5,0.057287,0.304428,5.314,408.0,360.0
eq-2020-covid,v,15,1.5,0.003823,0.127652,33.392,432.0,648.0
eq-2020-covid,sigma,15,1.5,0.009215,0.075383,8.18,672.0,864.0
eq-2020-covid,q,15,1.5,3750400000.0,9053950000.0,2.414,528.0,696.0
eq-2020-covid,illiq,15,1.5,0.0,0.0,24.307,432.0,336.0
eq-2023-svb,v,15,1.5,0.005607,0.131364,23.428,96.0,168.0
eq-2023-svb,sigma,15,1.5,0.011601,0.058381,5.032,312.0,408.0
eq-2023-svb,q,15,1.5,6845700.0,97268000.0,14.209,24.0,408.0
eq-2023-svb,illiq,15,1.5,0.0,0.0,2.077,0.0,48.0
fx-2015-snb,s,15,1.5,0.85678,34.705821,40.507,12.92,55.23
fx-2015-snb,v,15,1.5,8e-06,0.108494,13033.273,0.08,2.32
fx-2015-snb,sigma,15,1.5,1.9e-05,0.01477,788.495,3.98,154.17
fx-2015-snb,q,15,1.5,10.0,378.0,37.8,0.7,3.78
fx-2015-snb,illiq,15,1.5,1e-06,0.020921,21133.331,0.08,1.02
fx-2016-brexit,s,15,1.5,0.891058,24.787134,27.818,1.13,5.4
fx-2016-brexit,v,15,1.5,8.6e-05,0.029067,339.058,0.07,0.32
fx-2016-brexit,sigma,15,1.5,0.000223,0.003595,16.115,5.25,28.92
fx-2016-brexit,q,15,1.5,62.0,576.0,9.29,1.1,2.08
fx-2016-brexit,illiq,15,1.5,1e-06,0.000121,106.898,49.15,0.23
fx-2019-jpyflash,s,15,1.5,0.297746,23.409567,78.623,1.18,3.2
fx-2019-jpyflash,v,15,1.5,5.9e-05,0.01131,193.068,0.12,0.48
fx-2019-jpyflash,sigma,15,1.5,0.000124,0.001299,10.496,3.85,30.52
fx-2019-jpyflash,q,15,1.5,76.0,591.0,7.776,0.07,3.38
fx-2019-jpyflash,illiq,15,1.5,0.0,8e-06,1004.435,0.1,0.32
fx-2022-ldi,s,15,1.5,0.992023,25.230916,25.434,1.53,2.83
fx-2022-ldi,v,15,1.5,8.8e-05,0.016055,182.899,0.08,0.8
fx-2022-ldi,sigma,15,1.5,0.000167,0.00173,10.349,68.72,57.73
fx-2022-ldi,q,15,1.5,115.0,895.0,7.783,0.07,7.8
fx-2022-ldi,illiq,15,1.5,1e-06,0.000399,491.928,0.18,0.37
fx-2013-goldcrash,s,15,1.5,2.052283,13.753712,6.702,0.32,1.42
fx-2013-goldcrash,v,15,1.5,7.6e-05,0.010387,136.48,0.05,0.55
fx-2013-goldcrash,sigma,15,1.5,0.000162,0.001566,9.636,83.33,124.77
fx-2013-goldcrash,q,15,1.5,33.0,453.0,13.727,2.02,7.82
fx-2013-goldcrash,illiq,15,1.5,0.0,0.0,134.616,0.23,0.1
cr-2020-covid,v,15,2.0,0.000359,0.075106,209.41,0.4,0.75
cr-2020-covid,sigma,15,2.0,0.000629,0.016744,26.617,32.85,311.75
cr-2020-covid,q,15,2.0,25.879777,2319.28637,89.618,0.37,3.4
cr-2020-covid,s_eff,15,2.0,7.752408,1167.347629,150.579,0.63,9.4
cr-2020-covid,illiq,15,2.0,0.0,0.0,136.939,0.0,0.03
cr-2021-elonchina,v,15,2.0,0.000437,0.059738,136.747,0.72,0.82
cr-2021-elonchina,sigma,15,2.0,0.000709,0.011624,16.399,70.92,292.75
cr-2021-elonchina,q,15,2.0,28.426868,1848.147496,65.014,11.95,31.67
cr-2021-elonchina,s_eff,15,2.0,8.808495,824.506749,93.604,3.02,11.58
cr-2021-elonchina,illiq,15,2.0,0.0,0.0,21.22,0.0,0.1
cr-2022-luna,v,15,2.0,0.000619,0.805849,1302.333,2.67,4.1
cr-2022-luna,sigma,15,2.0,0.001091,0.128138,117.481,107.28,102.28
cr-2022-luna,q,15,2.0,1211.73,7258487090.21,5990185.182,83.15,83.5
cr-2022-luna,s_eff,15,2.0,12.216114,9299.171063,761.222,67.12,74.98
cr-2022-luna,illiq,15,2.0,0.0,1e-06,242.847,1.17,1.0
cr-2022-ftx,v,15,2.0,0.000225,0.044764,198.583,0.35,0.7
cr-2022-ftx,sigma,15,2.0,0.000431,0.005373,12.462,5.47,86.97
cr-2022-ftx,q,15,2.0,128.34018,4448.79635,34.664,2.62,5.75
cr-2022-ftx,s_eff,15,2.0,5.698158,535.545924,93.986,3.58,6.73
cr-2022-ftx,illiq,15,2.0,0.0,0.0,16.428,0.1,0.12
cr-2022-celsius,v,15,2.0,0.000387,0.022701,58.7,0.07,0.32
cr-2022-celsius,sigma,15,2.0,0.000724,0.003961,5.475,68.15,72.73
cr-2022-celsius,q,15,2.0,23.8212,3971.22457,166.71,0.02,2.85
cr-2022-celsius,s_eff,15,2.0,7.16764,445.262586,62.121,0.9,4.12
cr-2022-celsius,illiq,15,2.0,0.0,0.0,16.297,0.0,0.02
cr-2023-curve,s,15,2.0,12.659402,22.253097,1.758,,
cr-2023-curve,v,15,2.0,0.001265,0.029794,23.552,0.0,0.15
cr-2023-curve,sigma,15,2.0,0.000872,0.006632,7.604,38.25,78.47
cr-2023-curve,q,15,2.0,811.3,5012998.2,6178.97,0.45,3.8
cr-2023-curve,d,15,2.0,119945.029609,57217.295794,2.096,0.0,0.02
cr-2023-curve,illiq,15,2.0,0.0,0.000173,384.956,0.0,0.02
cr-2024-etf,s,15,2.0,0.026185,5.730413,218.84,0.32,0.33
cr-2024-etf,v,15,2.0,0.000272,0.028054,103.064,0.37,0.68
cr-2024-etf,sigma,15,2.0,0.000492,0.003787,7.69,11.18,34.15
cr-2024-etf,q,15,2.0,15.97854,1598.53715,100.043,1.13,6.17
cr-2024-etf,d,15,2.0,13.626471,0.895477,15.217,1.08,1.47
cr-2024-etf,illiq,15,2.0,0.0,0.0,13.199,0.0,0.03
eq-2008-lehman,v,15,2.0,0.010314,0.109572,10.624,0.0,24.0
eq-2008-lehman,sigma,15,2.0,0.011433,0.062736,5.487,864.0,816.0
eq-2008-lehman,q,15,2.0,3785180000.0,11456230000.0,3.027,96.0,120.0
eq-2008-lehman,illiq,15,2.0,0.0,0.0,7.764,0.0,48.0
eq-2018-volmageddon,v,15,2.0,0.025696,0.768245,29.898,72.0,168.0
eq-2018-volmageddon,sigma,15,2.0,0.057287,0.304428,5.314,240.0,264.0
eq-2020-covid,v,15,2.0,0.003823,0.127652,33.392,432.0,360.0
eq-2020-covid,sigma,15,2.0,0.009215,0.075383,8.18,528.0,768.0
eq-2020-covid,q,15,2.0,3750400000.0,9053950000.0,2.414,264.0,312.0
eq-2020-covid,illiq,15,2.0,0.0,0.0,24.307,336.0,312.0
eq-2023-svb,v,15,2.0,0.005607,0.131364,23.428,96.0,168.0
eq-2023-svb,sigma,15,2.0,0.011601,0.058381,5.032,312.0,408.0
eq-2023-svb,q,15,2.0,6845700.0,97268000.0,14.209,24.0,408.0
eq-2023-svb,illiq,15,2.0,0.0,0.0,2.077,0.0,24.0
fx-2015-snb,s,15,2.0,0.85678,34.705821,40.507,12.92,55.13
fx-2015-snb,v,15,2.0,8e-06,0.108494,13033.273,0.08,2.32
fx-2015-snb,sigma,15,2.0,1.9e-05,0.01477,788.495,3.98,154.17
fx-2015-snb,q,15,2.0,10.0,378.0,37.8,0.5,3.57
fx-2015-snb,illiq,15,2.0,1e-06,0.020921,21133.331,0.08,1.0
fx-2016-brexit,s,15,2.0,0.891058,24.787134,27.818,0.68,0.77
fx-2016-brexit,v,15,2.0,8.6e-05,0.029067,339.058,0.07,0.32
fx-2016-brexit,sigma,15,2.0,0.000223,0.003595,16.115,5.25,27.05
fx-2016-brexit,q,15,2.0,62.0,576.0,9.29,0.08,0.7
fx-2016-brexit,illiq,15,2.0,1e-06,0.000121,106.898,49.15,0.23
fx-2019-jpyflash,s,15,2.0,0.297746,23.409567,78.623,0.72,2.13
fx-2019-jpyflash,v,15,2.0,5.9e-05,0.01131,193.068,0.12,0.48
fx-2019-jpyflash,sigma,15,2.0,0.000124,0.001299,10.496,3.83,10.08
fx-2019-jpyflash,q,15,2.0,76.0,591.0,7.776,0.02,0.75
fx-2019-jpyflash,illiq,15,2.0,0.0,8e-06,1004.435,0.1,0.28
fx-2022-ldi,s,15,2.0,0.992023,25.230916,25.434,0.18,0.98
fx-2022-ldi,v,15,2.0,8.8e-05,0.016055,182.899,0.08,0.8
fx-2022-ldi,sigma,15,2.0,0.000167,0.00173,10.349,4.75,23.57
fx-2022-ldi,q,15,2.0,115.0,895.0,7.783,0.03,5.68
fx-2022-ldi,illiq,15,2.0,1e-06,0.000399,491.928,0.05,0.2
fx-2013-goldcrash,s,15,2.0,2.052283,13.753712,6.702,0.02,0.1
fx-2013-goldcrash,v,15,2.0,7.6e-05,0.010387,136.48,0.05,0.23
fx-2013-goldcrash,sigma,15,2.0,0.000162,0.001566,9.636,83.33,122.48
fx-2013-goldcrash,q,15,2.0,33.0,453.0,13.727,2.02,4.93
fx-2013-goldcrash,illiq,15,2.0,0.0,0.0,134.616,0.23,0.1
cr-2020-covid,v,15,3.0,0.000359,0.075106,209.41,0.28,0.65
cr-2020-covid,sigma,15,3.0,0.000629,0.016744,26.617,16.83,62.45
cr-2020-covid,q,15,3.0,25.879777,2319.28637,89.618,0.37,1.05
cr-2020-covid,s_eff,15,3.0,7.752408,1167.347629,150.579,0.32,4.08
cr-2020-covid,illiq,15,3.0,0.0,0.0,136.939,0.0,0.02
cr-2021-elonchina,v,15,3.0,0.000437,0.059738,136.747,0.12,0.2
cr-2021-elonchina,sigma,15,3.0,0.000709,0.011624,16.399,14.13,49.67
cr-2021-elonchina,q,15,3.0,28.426868,1848.147496,65.014,2.35,8.42
cr-2021-elonchina,s_eff,15,3.0,8.808495,824.506749,93.604,1.78,7.72
cr-2021-elonchina,illiq,15,3.0,0.0,0.0,21.22,0.0,0.05
cr-2022-luna,v,15,3.0,0.000619,0.805849,1302.333,1.62,3.07
cr-2022-luna,sigma,15,3.0,0.001091,0.128138,117.481,83.02,81.8
cr-2022-luna,q,15,3.0,1211.73,7258487090.21,5990185.182,81.07,81.47
cr-2022-luna,s_eff,15,3.0,12.216114,9299.171063,761.222,67.07,74.95
cr-2022-luna,illiq,15,3.0,0.0,1e-06,242.847,1.17,1.0
cr-2022-ftx,v,15,3.0,0.000225,0.044764,198.583,0.33,0.65
cr-2022-ftx,sigma,15,3.0,0.000431,0.005373,12.462,4.35,9.87
cr-2022-ftx,q,15,3.0,128.34018,4448.79635,34.664,0.63,3.27
cr-2022-ftx,s_eff,15,3.0,5.698158,535.545924,93.986,2.65,5.72
cr-2022-ftx,illiq,15,3.0,0.0,0.0,16.428,0.1,0.1
cr-2022-celsius,v,15,3.0,0.000387,0.022701,58.7,0.02,0.28
cr-2022-celsius,sigma,15,3.0,0.000724,0.003961,5.475,12.53,13.52
cr-2022-celsius,q,15,3.0,23.8212,3971.22457,166.71,0.02,1.07
cr-2022-celsius,s_eff,15,3.0,7.16764,445.262586,62.121,0.25,2.3
cr-2022-celsius,illiq,15,3.0,0.0,0.0,16.297,0.0,0.02
cr-2023-curve,s,15,3.0,12.659402,22.253097,1.758,,
cr-2023-curve,v,15,3.0,0.001265,0.029794,23.552,0.0,0.13
cr-2023-curve,sigma,15,3.0,0.000872,0.006632,7.604,11.27,22.32
cr-2023-curve,q,15,3.0,811.3,5012998.2,6178.97,0.45,1.95
cr-2023-curve,d,15,3.0,119945.029609,57217.295794,2.096,,
cr-2023-curve,illiq,15,3.0,0.0,0.000173,384.956,0.0,0.02
cr-2024-etf,s,15,3.0,0.026185,5.730413,218.84,0.13,0.15
cr-2024-etf,v,15,3.0,0.000272,0.028054,103.064,0.15,0.47
cr-2024-etf,sigma,15,3.0,0.000492,0.003787,7.69,3.97,6.25
cr-2024-etf,q,15,3.0,15.97854,1598.53715,100.043,0.42,2.28
cr-2024-etf,d,15,3.0,13.626471,0.895477,15.217,0.02,0.33
cr-2024-etf,illiq,15,3.0,0.0,0.0,13.199,0.0,0.02
eq-2008-lehman,v,15,3.0,0.010314,0.109572,10.624,0.0,24.0
eq-2008-lehman,sigma,15,3.0,0.011433,0.062736,5.487,720.0,624.0
eq-2008-lehman,q,15,3.0,3785180000.0,11456230000.0,3.027,0.0,24.0
eq-2008-lehman,illiq,15,3.0,0.0,0.0,7.764,0.0,24.0
eq-2018-volmageddon,v,15,3.0,0.025696,0.768245,29.898,72.0,168.0
eq-2018-volmageddon,sigma,15,3.0,0.057287,0.304428,5.314,240.0,240.0
eq-2020-covid,v,15,3.0,0.003823,0.127652,33.392,336.0,312.0
eq-2020-covid,sigma,15,3.0,0.009215,0.075383,8.18,480.0,720.0
eq-2020-covid,q,15,3.0,3750400000.0,9053950000.0,2.414,,
eq-2020-covid,illiq,15,3.0,0.0,0.0,24.307,336.0,312.0
eq-2023-svb,v,15,3.0,0.005607,0.131364,23.428,96.0,144.0
eq-2023-svb,sigma,15,3.0,0.011601,0.058381,5.032,216.0,336.0
eq-2023-svb,q,15,3.0,6845700.0,97268000.0,14.209,24.0,384.0
eq-2023-svb,illiq,15,3.0,0.0,0.0,2.077,,
fx-2015-snb,s,15,3.0,0.85678,34.705821,40.507,7.35,11.12
fx-2015-snb,v,15,3.0,8e-06,0.108494,13033.273,0.08,2.25
fx-2015-snb,sigma,15,3.0,1.9e-05,0.01477,788.495,3.98,154.17
fx-2015-snb,q,15,3.0,10.0,378.0,37.8,0.47,2.4
fx-2015-snb,illiq,15,3.0,1e-06,0.020921,21133.331,0.08,0.9
fx-2016-brexit,s,15,3.0,0.891058,24.787134,27.818,0.18,0.35
fx-2016-brexit,v,15,3.0,8.6e-05,0.029067,339.058,0.07,0.1
fx-2016-brexit,sigma,15,3.0,0.000223,0.003595,16.115,5.25,27.0
fx-2016-brexit,q,15,3.0,62.0,576.0,9.29,0.03,0.33
fx-2016-brexit,illiq,15,3.0,1e-06,0.000121,106.898,0.0,0.08
fx-2019-jpyflash,s,15,3.0,0.297746,23.409567,78.623,0.12,0.7
fx-2019-jpyflash,v,15,3.0,5.9e-05,0.01131,193.068,0.1,0.42
fx-2019-jpyflash,sigma,15,3.0,0.000124,0.001299,10.496,3.83,5.05
fx-2019-jpyflash,q,15,3.0,76.0,591.0,7.776,0.02,0.32
fx-2019-jpyflash,illiq,15,3.0,0.0,8e-06,1004.435,0.05,0.1
fx-2022-ldi,s,15,3.0,0.992023,25.230916,25.434,0.18,0.92
fx-2022-ldi,v,15,3.0,8.8e-05,0.016055,182.899,0.08,0.22
fx-2022-ldi,sigma,15,3.0,0.000167,0.00173,10.349,3.73,19.1
fx-2022-ldi,q,15,3.0,115.0,895.0,7.783,0.02,0.38
fx-2022-ldi,illiq,15,3.0,1e-06,0.000399,491.928,0.05,0.13
fx-2013-goldcrash,s,15,3.0,2.052283,13.753712,6.702,0.02,0.03
fx-2013-goldcrash,v,15,3.0,7.6e-05,0.010387,136.48,0.05,0.23
fx-2013-goldcrash,sigma,15,3.0,0.000162,0.001566,9.636,83.33,74.92
fx-2013-goldcrash,q,15,3.0,33.0,453.0,13.727,2.02,4.42
fx-2013-goldcrash,illiq,15,3.0,0.0,0.0,134.616,0.23,0.08
cr-2020-covid,v,30,1.5,0.00034,0.075106,221.214,0.48,0.83
cr-2020-covid,sigma,30,1.5,0.000602,0.016744,27.832,63.07,395.4
cr-2020-covid,q,30,1.5,22.458193,2319.28637,103.271,2.6,6.32
cr-2020-covid,s_eff,30,1.5,7.450517,1167.347629,156.68,0.73,35.3
cr-2020-covid,illiq,30,1.5,0.0,0.0,116.979,0.0,0.03
cr-2021-elonchina,v,30,1.5,0.000516,0.059738,115.666,0.72,0.82
cr-2021-elonchina,sigma,30,1.5,0.000844,0.011624,13.77,71.92,325.52
cr-2021-elonchina,q,30,1.5,29.531226,1848.147496,62.583,12.28,43.0
cr-2021-elonchina,s_eff,30,1.5,10.590648,824.506749,77.852,3.73,12.28
cr-2021-elonchina,illiq,30,1.5,0.0,0.0,18.266,0.0,0.1
cr-2022-luna,v,30,1.5,0.000678,0.805849,1188.627,2.67,4.12
cr-2022-luna,sigma,30,1.5,0.00117,0.128138,109.508,122.8,117.72
cr-2022-luna,q,30,1.5,1318.0,7258487090.21,5507198.096,86.48,86.78
cr-2022-luna,s_eff,30,1.5,13.471037,9299.171063,690.308,67.12,75.0
cr-2022-luna,illiq,30,1.5,0.0,1e-06,256.222,1.55,1.33
cr-2022-ftx,v,30,1.5,0.000227,0.044764,197.196,0.35,1.12
cr-2022-ftx,sigma,30,1.5,0.000442,0.005373,12.161,16.67,103.85
cr-2022-ftx,q,30,1.5,124.93591,4448.79635,35.609,4.45,8.47
cr-2022-ftx,s_eff,30,1.5,5.879517,535.545924,91.087,5.68,8.78
cr-2022-ftx,illiq,30,1.5,0.0,0.0,15.421,0.1,0.12
cr-2022-celsius,v,30,1.5,0.00045,0.022701,50.459,0.07,0.32
cr-2022-celsius,sigma,30,1.5,0.000825,0.003961,4.8,77.4,109.88
cr-2022-celsius,q,30,1.5,28.37869,3971.22457,139.937,0.02,2.87
cr-2022-celsius,s_eff,30,1.5,8.819545,445.262586,50.486,7.92,10.87
cr-2022-celsius,illiq,30,1.5,0.0,0.0,17.721,0.08,0.08
cr-2023-curve,s,30,1.5,12.870115,22.253097,1.729,0.0,2.5
cr-2023-curve,v,30,1.5,0.001298,0.029794,22.956,0.0,0.17
cr-2023-curve,sigma,30,1.5,0.000969,0.006632,6.845,38.73,132.62
cr-2023-curve,q,30,1.5,1702.5,5012998.2,2944.492,0.45,1.95
cr-2023-curve,d,30,1.5,130478.026115,57217.295794,2.28,0.03,0.3
cr-2023-curve,illiq,30,1.5,0.0,0.000173,557.062,0.0,0.02
cr-2024-etf,s,30,1.5,0.026689,5.730413,214.712,0.32,0.58
cr-2024-etf,v,30,1.5,0.000273,0.028054,102.781,0.37,0.68
cr-2024-etf,sigma,30,1.5,0.000494,0.003787,7.666,12.12,43.13
cr-2024-etf,q,30,1.5,17.48442,1598.53715,91.426,1.13,6.2
cr-2024-etf,d,30,1.5,13.324108,0.895477,14.879,1.88,2.23
cr-2024-etf,illiq,30,1.5,0.0,0.0,14.481,0.07,0.12
eq-2008-lehman,v,30,1.5,0.009183,0.109572,11.933,264.0,120.0
eq-2008-lehman,sigma,30,1.5,0.012672,0.062736,4.951,888.0,840.0
eq-2008-lehman,q,30,1.5,4052910000.0,11456230000.0,2.827,768.0,720.0
eq-2008-lehman,illiq,30,1.5,0.0,0.0,8.985,0.0,48.0
eq-2018-volmageddon,v,30,1.5,0.027946,0.768245,27.49,72.0,168.0
eq-2018-volmageddon,sigma,30,1.5,0.057413,0.304428,5.302,408.0,360.0
eq-2020-covid,v,30,1.5,0.004259,0.127652,29.974,432.0,648.0
eq-2020-covid,sigma,30,1.5,0.009215,0.075383,8.181,672.0,864.0
eq-2020-covid,q,30,1.5,3761700000.0,9053950000.0,2.407,528.0,696.0
eq-2020-covid,illiq,30,1.5,0.0,0.0,20.595,336.0,312.0
eq-2023-svb,v,30,1.5,0.007772,0.131364,16.901,96.0,168.0
eq-2023-svb,sigma,30,1.5,0.011578,0.058381,5.042,312.0,408.0
eq-2023-svb,q,30,1.5,6047300.0,97268000.0,16.085,24.0,408.0
eq-2023-svb,illiq,30,1.5,0.0,0.0,1.79,0.0,24.0
fx-2015-snb,s,30,1.5,0.952164,34.705821,36.449,12.92,55.23
fx-2015-snb,v,30,1.5,8e-06,0.108494,13030.995,0.08,2.32
fx-2015-snb,sigma,30,1.5,2e-05,0.01477,747.008,3.98,154.17
fx-2015-snb,q,30,1.5,11.0,378.0,34.364,0.7,3.77
fx-2015-snb,illiq,30,1.5,1e-06,0.020921,21122.864,0.08,1.02
fx-2016-brexit,s,30,1.5,0.781786,24.787134,31.706,1.25,6.78
fx-2016-brexit,v,30,1.5,6.9e-05,0.029067,419.7,0.07,0.32
fx-2016-brexit,sigma,30,1.5,0.000164,0.003595,21.883,36.87,46.78
fx-2016-brexit,q,30,1.5,56.0,576.0,10.286,35.28,5.2
fx-2016-brexit,illiq,30,1.5,1e-06,0.000121,120.21,49.15,0.23
fx-2019-jpyflash,s,30,1.5,0.261963,23.409567,89.362,1.3,9.52
fx-2019-jpyflash,v,30,1.5,5.3e-05,0.01131,213.742,0.12,0.48
fx-2019-jpyflash,sigma,30,1.5,0.000106,0.001299,12.308,17.15,43.88
fx-2019-jpyflash,q,30,1.5,54.0,591.0,10.944,0.5,3.75
fx-2019-jpyflash,illiq,30,1.5,0.0,8e-06,890.618,0.1,0.32
fx-2022-ldi,s,30,1.5,0.987384,25.230916,25.553,1.53,2.87
fx-2022-ldi,v,30,1.5,8.7e-05,0.016055,184.602,0.08,0.8
fx-2022-ldi,sigma,30,1.5,0.000166,0.00173,10.419,68.88,57.98
fx-2022-ldi,q,30,1.5,107.0,895.0,8.364,4.58,12.3
fx-2022-ldi,illiq,30,1.5,1e-06,0.000399,468.171,0.18,0.35
fx-2013-goldcrash,s,30,1.5,2.026559,13.753712,6.787,0.37,1.53
fx-2013-goldcrash,v,30,1.5,7.2e-05,0.010387,144.71,0.05,0.57
fx-2013-goldcrash,sigma,30,1.5,0.000151,0.001566,10.355,83.33,124.77
fx-2013-goldcrash,q,30,1.5,32.0,453.0,14.156,2.02,7.82
fx-2013-goldcrash,illiq,30,1.5,0.0,0.0,140.688,0.23,0.1
cr-2020-covid,v,30,2.0,0.00034,0.075106,221.214,0.4,0.75
cr-2020-covid,sigma,30,2.0,0.000602,0.016744,27.832,33.03,319.92
cr-2020-covid,q,30,2.0,22.458193,2319.28637,103.271,1.43,4.53
cr-2020-covid,s_eff,30,2.0,7.450517,1167.347629,156.68,0.63,11.03
cr-2020-covid,illiq,30,2.0,0.0,0.0,116.979,0.0,0.03
cr-2021-elonchina,v,30,2.0,0.000516,0.059738,115.666,0.72,0.8
cr-2021-elonchina,sigma,30,2.0,0.000844,0.011624,13.77,25.23,107.85
cr-2021-elonchina,q,30,2.0,29.531226,1848.147496,62.583,11.95,31.47
cr-2021-elonchina,s_eff,30,2.0,10.590648,824.506749,77.852,2.55,11.13
cr-2021-elonchina,illiq,30,2.0,0.0,0.0,18.266,0.0,0.05
cr-2022-luna,v,30,2.0,0.000678,0.805849,1188.627,2.67,4.1
cr-2022-luna,sigma,30,2.0,0.00117,0.128138,109.508,107.22,99.28
cr-2022-luna,q,30,2.0,1318.0,7258487090.21,5507198.096,82.17,82.55
cr-2022-luna,s_eff,30,2.0,13.471037,9299.171063,690.308,67.07,74.97
cr-2022-luna,illiq,30,2.0,0.0,1e-06,256.222,1.17,1.0
cr-2022-ftx,v,30,2.0,0.000227,0.044764,197.196,0.35,0.7
cr-2022-ftx,sigma,30,2.0,0.000442,0.005373,12.161,5.4,86.03
cr-2022-ftx,q,30,2.0,124.93591,4448.79635,35.609,2.62,6.22
cr-2022-ftx,s_eff,30,2.0,5.879517,535.545924,91.087,3.58,6.73
cr-2022-ftx,illiq,30,2.0,0.0,0.0,15.421,0.1,0.12
cr-2022-celsius,v,30,2.0,0.00045,0.022701,50.459,0.02,0.28
cr-2022-celsius,sigma,30,2.0,0.000825,0.003961,4.8,67.42,67.22
cr-2022-celsius,q,30,2.0,28.37869,3971.22457,139.937,0.02,2.38
cr-2022-celsius,s_eff,30,2.0,8.819545,445.262586,50.486,0.9,3.97
cr-2022-celsius,illiq,30,2.0,0.0,0.0,17.721,0.0,0.02
cr-2023-curve,s,30,2.0,12.870115,22.253097,1.729,,
cr-2023-curve,v,30,2.0,0.001298,0.029794,22.956,0.0,0.15
cr-2023-curve,sigma,30,2.0,0.000969,0.006632,6.845,15.07,46.8
cr-2023-curve,q,30,2.0,1702.5,5012998.2,2944.492,0.45,1.95
cr-2023-curve,d,30,2.0,130478.026115,57217.295794,2.28,0.0,0.05
cr-2023-curve,illiq,30,2.0,0.0,0.000173,557.062,0.0,0.02
cr-2024-etf,s,30,2.0,0.026689,5.730413,214.712,0.32,0.33
cr-2024-etf,v,30,2.0,0.000273,0.028054,102.781,0.37,0.68
cr-2024-etf,sigma,30,2.0,0.000494,0.003787,7.666,11.18,34.03
cr-2024-etf,q,30,2.0,17.48442,1598.53715,91.426,1.03,6.0
cr-2024-etf,d,30,2.0,13.324108,0.895477,14.879,1.08,1.4
cr-2024-etf,illiq,30,2.0,0.0,0.0,14.481,0.02,0.05
eq-2008-lehman,v,30,2.0,0.009183,0.109572,11.933,0.0,24.0
eq-2008-lehman,sigma,30,2.0,0.012672,0.062736,4.951,840.0,792.0
eq-2008-lehman,q,30,2.0,4052910000.0,11456230000.0,2.827,48.0,72.0
eq-2008-lehman,illiq,30,2.0,0.0,0.0,8.985,0.0,48.0
eq-2018-volmageddon,v,30,2.0,0.027946,0.768245,27.49,72.0,168.0
eq-2018-volmageddon,sigma,30,2.0,0.057413,0.304428,5.302,240.0,264.0
eq-2020-covid,v,30,2.0,0.004259,0.127652,29.974,432.0,336.0
eq-2020-covid,sigma,30,2.0,0.009215,0.075383,8.181,528.0,768.0
eq-2020-covid,q,30,2.0,3761700000.0,9053950000.0,2.407,264.0,312.0
eq-2020-covid,illiq,30,2.0,0.0,0.0,20.595,336.0,312.0
eq-2023-svb,v,30,2.0,0.007772,0.131364,16.901,96.0,168.0
eq-2023-svb,sigma,30,2.0,0.011578,0.058381,5.042,312.0,408.0
eq-2023-svb,q,30,2.0,6047300.0,97268000.0,16.085,24.0,408.0
eq-2023-svb,illiq,30,2.0,0.0,0.0,1.79,,
fx-2015-snb,s,30,2.0,0.952164,34.705821,36.449,12.92,54.93
fx-2015-snb,v,30,2.0,8e-06,0.108494,13030.995,0.08,2.32
fx-2015-snb,sigma,30,2.0,2e-05,0.01477,747.008,3.98,154.17
fx-2015-snb,q,30,2.0,11.0,378.0,34.364,0.5,2.45
fx-2015-snb,illiq,30,2.0,1e-06,0.020921,21122.864,0.08,1.0
fx-2016-brexit,s,30,2.0,0.781786,24.787134,31.706,0.68,0.9
fx-2016-brexit,v,30,2.0,6.9e-05,0.029067,419.7,0.07,0.32
fx-2016-brexit,sigma,30,2.0,0.000164,0.003595,21.883,5.25,28.93
fx-2016-brexit,q,30,2.0,56.0,576.0,10.286,0.08,0.7
fx-2016-brexit,illiq,30,2.0,1e-06,0.000121,120.21,49.15,0.23
fx-2019-jpyflash,s,30,2.0,0.261963,23.409567,89.362,0.73,2.4
fx-2019-jpyflash,v,30,2.0,5.3e-05,0.01131,213.742,0.12,0.48
fx-2019-jpyflash,sigma,30,2.0,0.000106,0.001299,12.308,3.85,25.85
fx-2019-jpyflash,q,30,2.0,54.0,591.0,10.944,0.07,3.42
fx-2019-jpyflash,illiq,30,2.0,0.0,8e-06,890.618,0.1,0.28
fx-2022-ldi,s,30,2.0,0.987384,25.230916,25.553,0.18,0.98
fx-2022-ldi,v,30,2.0,8.7e-05,0.016055,184.602,0.08,0.8
fx-2022-ldi,sigma,30,2.0,0.000166,0.00173,10.419,4.93,23.88
fx-2022-ldi,q,30,2.0,107.0,895.0,8.364,0.03,5.72
fx-2022-ldi,illiq,30,2.0,1e-06,0.000399,468.171,0.05,0.18
fx-2013-goldcrash,s,30,2.0,2.026559,13.753712,6.787,0.02,0.1
fx-2013-goldcrash,v,30,2.0,7.2e-05,0.010387,144.71,0.05,0.52
fx-2013-goldcrash,sigma,30,2.0,0.000151,0.001566,10.355,83.33,124.38
fx-2013-goldcrash,q,30,2.0,32.0,453.0,14.156,2.02,4.95
fx-2013-goldcrash,illiq,30,2.0,0.0,0.0,140.688,0.23,0.1
cr-2020-covid,v,30,3.0,0.00034,0.075106,221.214,0.28,0.65
cr-2020-covid,sigma,30,3.0,0.000602,0.016744,27.832,16.88,63.38
cr-2020-covid,q,30,3.0,22.458193,2319.28637,103.271,0.37,2.55
cr-2020-covid,s_eff,30,3.0,7.450517,1167.347629,156.68,0.32,6.05
cr-2020-covid,illiq,30,3.0,0.0,0.0,116.979,0.0,0.02
cr-2021-elonchina,v,30,3.0,0.000516,0.059738,115.666,0.05,0.15
cr-2021-elonchina,sigma,30,3.0,0.000844,0.011624,13.77,13.12,36.75
cr-2021-elonchina,q,30,3.0,29.531226,1848.147496,62.583,2.35,8.42
cr-2021-elonchina,s_eff,30,3.0,10.590648,824.506749,77.852,1.77,6.43
cr-2021-elonchina,illiq,30,3.0,0.0,0.0,18.266,0.0,0.05
cr-2022-luna,v,30,3.0,0.000678,0.805849,1188.627,1.62,3.07
cr-2022-luna,sigma,30,3.0,0.00117,0.128138,109.508,82.25,79.95
cr-2022-luna,q,30,3.0,1318.0,7258487090.21,5507198.096,81.07,81.43
cr-2022-luna,s_eff,30,3.0,13.471037,9299.171063,690.308,66.93,74.82
cr-2022-luna,illiq,30,3.0,0.0,1e-06,256.222,1.17,1.0
cr-2022-ftx,v,30,3.0,0.000227,0.044764,197.196,0.33,0.65
cr-2022-ftx,sigma,30,3.0,0.000442,0.005373,12.161,4.35,9.82
cr-2022-ftx,q,30,3.0,124.93591,4448.79635,35.609,0.65,3.32
cr-2022-ftx,s_eff,30,3.0,5.879517,535.545924,91.087,2.65,5.67
cr-2022-ftx,illiq,30,3.0,0.0,0.0,15.421,0.1,0.1
cr-2022-celsius,v,30,3.0,0.00045,0.022701,50.459,0.02,0.28
cr-2022-celsius,sigma,30,3.0,0.000825,0.003961,4.8,2.15,4.83
cr-2022-celsius,q,30,3.0,28.37869,3971.22457,139.937,0.02,0.98
cr-2022-celsius,s_eff,30,3.0,8.819545,445.262586,50.486,0.18,2.1
cr-2022-celsius,illiq,30,3.0,0.0,0.0,17.721,0.0,0.02
cr-2023-curve,s,30,3.0,12.870115,22.253097,1.729,,
cr-2023-curve,v,30,3.0,0.001298,0.029794,22.956,0.0,0.13
cr-2023-curve,sigma,30,3.0,0.000969,0.006632,6.845,11.23,21.13
cr-2023-curve,q,30,3.0,1702.5,5012998.2,2944.492,0.45,1.95
cr-2023-curve,d,30,3.0,130478.026115,57217.295794,2.28,,
cr-2023-curve,illiq,30,3.0,0.0,0.000173,557.062,0.0,0.02
cr-2024-etf,s,30,3.0,0.026689,5.730413,214.712,0.13,0.15
cr-2024-etf,v,30,3.0,0.000273,0.028054,102.781,0.15,0.47
cr-2024-etf,sigma,30,3.0,0.000494,0.003787,7.666,3.97,6.22
cr-2024-etf,q,30,3.0,17.48442,1598.53715,91.426,0.42,2.22
cr-2024-etf,d,30,3.0,13.324108,0.895477,14.879,0.02,0.33
cr-2024-etf,illiq,30,3.0,0.0,0.0,14.481,0.0,0.02
eq-2008-lehman,v,30,3.0,0.009183,0.109572,11.933,0.0,24.0
eq-2008-lehman,sigma,30,3.0,0.012672,0.062736,4.951,552.0,600.0
eq-2008-lehman,q,30,3.0,4052910000.0,11456230000.0,2.827,,
eq-2008-lehman,illiq,30,3.0,0.0,0.0,8.985,0.0,48.0
eq-2018-volmageddon,v,30,3.0,0.027946,0.768245,27.49,72.0,144.0
eq-2018-volmageddon,sigma,30,3.0,0.057413,0.304428,5.302,240.0,240.0
eq-2020-covid,v,30,3.0,0.004259,0.127652,29.974,336.0,312.0
eq-2020-covid,sigma,30,3.0,0.009215,0.075383,8.181,480.0,720.0
eq-2020-covid,q,30,3.0,3761700000.0,9053950000.0,2.407,,
eq-2020-covid,illiq,30,3.0,0.0,0.0,20.595,336.0,288.0
eq-2023-svb,v,30,3.0,0.007772,0.131364,16.901,96.0,72.0
eq-2023-svb,sigma,30,3.0,0.011578,0.058381,5.042,216.0,336.0
eq-2023-svb,q,30,3.0,6047300.0,97268000.0,16.085,24.0,408.0
eq-2023-svb,illiq,30,3.0,0.0,0.0,1.79,,
fx-2015-snb,s,30,3.0,0.952164,34.705821,36.449,7.35,10.95
fx-2015-snb,v,30,3.0,8e-06,0.108494,13030.995,0.08,2.25
fx-2015-snb,sigma,30,3.0,2e-05,0.01477,747.008,3.98,154.17
fx-2015-snb,q,30,3.0,11.0,378.0,34.364,0.37,2.32
fx-2015-snb,illiq,30,3.0,1e-06,0.020921,21122.864,0.08,0.9
fx-2016-brexit,s,30,3.0,0.781786,24.787134,31.706,0.2,0.42
fx-2016-brexit,v,30,3.0,6.9e-05,0.029067,419.7,0.07,0.28
fx-2016-brexit,sigma,30,3.0,0.000164,0.003595,21.883,5.25,27.02
fx-2016-brexit,q,30,3.0,56.0,576.0,10.286,0.03,0.38
fx-2016-brexit,illiq,30,3.0,1e-06,0.000121,120.21,49.15,0.22
fx-2019-jpyflash,s,30,3.0,0.261963,23.409567,89.362,0.12,0.82
fx-2019-jpyflash,v,30,3.0,5.3e-05,0.01131,213.742,0.1,0.45
fx-2019-jpyflash,sigma,30,3.0,0.000106,0.001299,12.308,3.83,5.45
fx-2019-jpyflash,q,30,3.0,54.0,591.0,10.944,0.02,0.75
fx-2019-jpyflash,illiq,30,3.0,0.0,8e-06,890.618,0.05,0.1
fx-2022-ldi,s,30,3.0,0.987384,25.230916,25.553,0.18,0.93
fx-2022-ldi,v,30,3.0,8.7e-05,0.016055,184.602,0.08,0.22
fx-2022-ldi,sigma,30,3.0,0.000166,0.00173,10.419,3.73,19.13
fx-2022-ldi,q,30,3.0,107.0,895.0,8.364,0.03,0.4
fx-2022-ldi,illiq,30,3.0,1e-06,0.000399,468.171,0.05,0.13
fx-2013-goldcrash,s,30,3.0,2.026559,13.753712,6.787,0.02,0.03
fx-2013-goldcrash,v,30,3.0,7.2e-05,0.010387,144.71,0.05,0.23
fx-2013-goldcrash,sigma,30,3.0,0.000151,0.001566,10.355,83.33,78.25
fx-2013-goldcrash,q,30,3.0,32.0,453.0,14.156,2.02,4.43
fx-2013-goldcrash,illiq,30,3.0,0.0,0.0,140.688,0.23,0.08
cr-2020-covid,v,60,1.5,0.000345,0.075106,217.623,0.48,0.83
cr-2020-covid,sigma,60,1.5,0.000609,0.016744,27.506,62.98,394.48
cr-2020-covid,q,60,1.5,22.556959,2319.28637,102.819,2.6,6.32
cr-2020-covid,s_eff,60,1.5,7.604668,1167.347629,153.504,0.73,35.28
cr-2020-covid,illiq,60,1.5,0.0,0.0,114.178,0.0,0.03
cr-2021-elonchina,v,60,1.5,0.000538,0.059738,110.954,0.72,0.82
cr-2021-elonchina,sigma,60,1.5,0.000883,0.011624,13.161,71.63,314.78
cr-2021-elonchina,q,60,1.5,30.704345,1848.147496,60.192,12.28,32.33
cr-2021-elonchina,s_eff,60,1.5,11.083343,824.506749,74.392,3.73,12.27
cr-2021-elonchina,illiq,60,1.5,0.0,0.0,18.115,0.0,0.1
cr-2022-luna,v,60,1.5,0.000677,0.805849,1190.872,2.67,4.12
cr-2022-luna,sigma,60,1.5,0.001168,0.128138,109.67,122.8,117.73
cr-2022-luna,q,60,1.5,1355.43,7258487090.21,5355117.631,86.48,86.77
cr-2022-luna,s_eff,60,1.5,13.490375,9299.171063,689.319,67.12,75.0
cr-2022-luna,illiq,60,1.5,0.0,1e-06,267.519,1.55,1.35
cr-2022-ftx,v,60,1.5,0.000245,0.044764,182.365,0.35,0.7
cr-2022-ftx,sigma,60,1.5,0.000475,0.005373,11.303,5.82,94.17
cr-2022-ftx,q,60,1.5,136.55259,4448.79635,32.579,4.45,8.38
cr-2022-ftx,s_eff,60,1.5,6.298169,535.545924,85.032,5.68,8.77
cr-2022-ftx,illiq,60,1.5,0.0,0.0,15.436,0.1,0.12
cr-2022-celsius,v,60,1.5,0.000427,0.022701,53.171,0.07,0.32
cr-2022-celsius,sigma,60,1.5,0.000796,0.003961,4.974,77.48,112.23
cr-2022-celsius,q,60,1.5,26.82203,3971.22457,148.058,0.02,2.87
cr-2022-celsius,s_eff,60,1.5,8.368573,445.262586,53.207,7.92,11.1
cr-2022-celsius,illiq,60,1.5,0.0,0.0,18.216,0.08,0.1
cr-2023-curve,s,60,1.5,13.012362,22.253097,1.71,0.0,2.45
cr-2023-curve,v,60,1.5,0.001311,0.029794,22.718,0.0,0.17
cr-2023-curve,sigma,60,1.5,0.000976,0.006632,6.792,38.72,131.97
cr-2023-curve,q,60,1.5,1763.7,5012998.2,2842.319,0.45,1.95
cr-2023-curve,d,60,1.5,135444.944245,57217.295794,2.367,0.03,0.3
cr-2023-curve,illiq,60,1.5,0.0,0.000173,580.182,0.0,0.02
cr-2024-etf,s,60,1.5,0.027191,5.730413,210.746,0.32,0.35
cr-2024-etf,v,60,1.5,0.000268,0.028054,104.656,0.37,0.68
cr-2024-etf,sigma,60,1.5,0.000485,0.003787,7.806,12.15,43.62
cr-2024-etf,q,60,1.5,17.18854,1598.53715,93.0,1.13,6.22
cr-2024-etf,d,60,1.5,13.332353,0.895477,14.889,1.88,2.23
cr-2024-etf,illiq,60,1.5,0.0,0.0,14.225,0.07,0.12
eq-2008-lehman,v,60,1.5,0.010314,0.109572,10.624,264.0,120.0
eq-2008-lehman,sigma,60,1.5,0.012672,0.062736,4.951,888.0,840.0
eq-2008-lehman,q,60,1.5,4282960000.0,11456230000.0,2.675,768.0,600.0
eq-2008-lehman,illiq,60,1.5,0.0,0.0,8.551,0.0,48.0
eq-2018-volmageddon,v,60,1.5,0.028017,0.768245,27.42,72.0,168.0
eq-2018-volmageddon,sigma,60,1.5,0.057413,0.304428,5.302,408.0,360.0
eq-2020-covid,v,60,1.5,0.003855,0.127652,33.116,432.0,648.0
eq-2020-covid,sigma,60,1.5,0.009215,0.075383,8.181,672.0,864.0
eq-2020-covid,q,60,1.5,3755430000.0,9053950000.0,2.411,528.0,696.0
eq-2020-covid,illiq,60,1.5,0.0,0.0,22.06,336.0,312.0
eq-2023-svb,v,60,1.5,0.007772,0.131364,16.901,96.0,168.0
eq-2023-svb,sigma,60,1.5,0.011578,0.058381,5.042,312.0,408.0
eq-2023-svb,q,60,1.5,6281500.0,97268000.0,15.485,24.0,408.0
eq-2023-svb,illiq,60,1.5,0.0,0.0,1.79,0.0,24.0
fx-2015-snb,s,60,1.5,0.94901,34.705821,36.571,12.92,55.23
fx-2015-snb,v,60,1.5,8e-06,0.108494,13031.375,0.08,2.32
fx-2015-snb,sigma,60,1.5,2.1e-05,0.01477,714.538,3.98,154.17
fx-2015-snb,q,60,1.5,11.0,378.0,34.364,0.7,3.77
fx-2015-snb,illiq,60,1.5,1e-06,0.020921,20553.753,0.08,1.02
fx-2016-brexit,s,60,1.5,0.755751,24.787134,32.798,1.25,6.85
fx-2016-brexit,v,60,1.5,6.8e-05,0.029067,427.404,0.07,0.32
fx-2016-brexit,sigma,60,1.5,0.000161,0.003595,22.284,36.95,46.9
fx-2016-brexit,q,60,1.5,55.0,576.0,10.473,35.28,5.2
fx-2016-brexit,illiq,60,1.5,1e-06,0.000121,122.785,49.15,0.23
fx-2019-jpyflash,s,60,1.5,0.259212,23.409567,90.311,1.3,9.7
fx-2019-jpyflash,v,60,1.5,4.9e-05,0.01131,228.744,0.12,0.48
fx-2019-jpyflash,sigma,60,1.5,9.5e-05,0.001299,13.632,17.37,63.28
fx-2019-jpyflash,q,60,1.5,50.0,591.0,11.82,0.5,3.85
fx-2019-jpyflash,illiq,60,1.5,0.0,8e-06,877.48,0.1,0.32
fx-2022-ldi,s,60,1.5,0.980448,25.230916,25.734,1.53,2.9
fx-2022-ldi,v,60,1.5,8.7e-05,0.016055,185.157,0.08,0.8
fx-2022-ldi,sigma,60,1.5,0.000168,0.00173,10.313,68.67,57.63
fx-2022-ldi,q,60,1.5,105.0,895.0,8.524,4.58,12.33
fx-2022-ldi,illiq,60,1.5,1e-06,0.000399,463.048,0.18,0.35
fx-2013-goldcrash,s,60,1.5,2.012489,13.753712,6.834,0.37,1.63
fx-2013-goldcrash,v,60,1.5,7.4e-05,0.010387,139.863,0.05,0.55
fx-2013-goldcrash,sigma,60,1.5,0.000154,0.001566,10.174,83.33,124.77
fx-2013-goldcrash,q,60,1.5,36.0,453.0,12.583,2.02,7.72
fx-2013-goldcrash,illiq,60,1.5,0.0,0.0,149.301,0.23,0.1
cr-2020-covid,v,60,2.0,0.000345,0.075106,217.623,0.4,0.75
cr-2020-covid,sigma,60,2.0,0.000609,0.016744,27.506,32.98,316.95
cr-2020-covid,q,60,2.0,22.556959,2319.28637,102.819,1.43,4.52
cr-2020-covid,s_eff,60,2.0,7.604668,1167.347629,153.504,0.63,9.4
cr-2020-covid,illiq,60,2.0,0.0,0.0,114.178,0.0,0.03
cr-2021-elonchina,v,60,2.0,0.000538,0.059738,110.954,0.72,0.8
cr-2021-elonchina,sigma,60,2.0,0.000883,0.011624,13.161,24.82,105.4
cr-2021-elonchina,q,60,2.0,30.704345,1848.147496,60.192,11.95,31.25
cr-2021-elonchina,s_eff,60,2.0,11.083343,824.506749,74.392,2.53,11.1
cr-2021-elonchina,illiq,60,2.0,0.0,0.0,18.115,0.0,0.05
cr-2022-luna,v,60,2.0,0.000677,0.805849,1190.872,2.67,4.1
cr-2022-luna,sigma,60,2.0,0.001168,0.128138,109.67,107.22,99.4
cr-2022-luna,q,60,2.0,1355.43,7258487090.21,5355117.631,82.17,82.55
cr-2022-luna,s_eff,60,2.0,13.490375,9299.171063,689.319,67.07,74.97
cr-2022-luna,illiq,60,2.0,0.0,1e-06,267.519,1.17,1.0
cr-2022-ftx,v,60,2.0,0.000245,0.044764,182.365,0.35,0.7
cr-2022-ftx,sigma,60,2.0,0.000475,0.005373,11.303,4.78,81.77
cr-2022-ftx,q,60,2.0,136.55259,4448.79635,32.579,2.62,5.72
cr-2022-ftx,s_eff,60,2.0,6.298169,535.545924,85.032,3.58,6.73
cr-2022-ftx,illiq,60,2.0,0.0,0.0,15.436,0.1,0.12
cr-2022-celsius,v,60,2.0,0.000427,0.022701,53.171,0.02,0.28
cr-2022-celsius,sigma,60,2.0,0.000796,0.003961,4.974,67.48,69.82
cr-2022-celsius,q,60,2.0,26.82203,3971.22457,148.058,0.02,2.38
cr-2022-celsius,s_eff,60,2.0,8.368573,445.262586,53.207,0.9,3.98
cr-2022-celsius,illiq,60,2.0,0.0,0.0,18.216,0.0,0.02
cr-2023-curve,s,60,2.0,13.012362,22.253097,1.71,,
cr-2023-curve,v,60,2.0,0.001311,0.029794,22.718,0.0,0.15
cr-2023-curve,sigma,60,2.0,0.000976,0.006632,6.792,14.97,46.08
cr-2023-curve,q,60,2.0,1763.7,5012998.2,2842.319,0.45,1.95
cr-2023-curve,d,60,2.0,135444.944245,57217.295794,2.367,0.0,0.1
cr-2023-curve,illiq,60,2.0,0.0,0.000173,580.182,0.0,0.02
cr-2024-etf,s,60,2.0,0.027191,5.730413,210.746,0.32,0.33
cr-2024-etf,v,60,2.0,0.000268,0.028054,104.656,0.37,0.68
cr-2024-etf,sigma,60,2.0,0.000485,0.003787,7.806,11.2,34.68
cr-2024-etf,q,60,2.0,17.18854,1598.53715,93.0,1.13,6.1
cr-2024-etf,d,60,2.0,13.332353,0.895477,14.889,1.08,1.4
cr-2024-etf,illiq,60,2.0,0.0,0.0,14.225,0.02,0.05
eq-2008-lehman,v,60,2.0,0.010314,0.109572,10.624,0.0,24.0
eq-2008-lehman,sigma,60,2.0,0.012672,0.062736,4.951,840.0,792.0
eq-2008-lehman,q,60,2.0,4282960000.0,11456230000.0,2.675,48.0,48.0
eq-2008-lehman,illiq,60,2.0,0.0,0.0,8.551,0.0,48.0
eq-2018-volmageddon,v,60,2.0,0.028017,0.768245,27.42,72.0,168.0
eq-2018-volmageddon,sigma,60,2.0,0.057413,0.304428,5.302,240.0,264.0
eq-2020-covid,v,60,2.0,0.003855,0.127652,33.116,432.0,360.0
eq-2020-covid,sigma,60,2.0,0.009215,0.075383,8.181,528.0,768.0
eq-2020-covid,q,60,2.0,3755430000.0,9053950000.0,2.411,264.0,312.0
eq-2020-covid,illiq,60,2.0,0.0,0.0,22.06,336.0,312.0
eq-2023-svb,v,60,2.0,0.007772,0.131364,16.901,96.0,168.0
eq-2023-svb,sigma,60,2.0,0.011578,0.058381,5.042,312.0,408.0
eq-2023-svb,q,60,2.0,6281500.0,97268000.0,15.485,24.0,408.0
eq-2023-svb,illiq,60,2.0,0.0,0.0,1.79,,
fx-2015-snb,s,60,2.0,0.94901,34.705821,36.571,12.92,54.93
fx-2015-snb,v,60,2.0,8e-06,0.108494,13031.375,0.08,2.32
fx-2015-snb,sigma,60,2.0,2.1e-05,0.01477,714.538,3.98,154.17
fx-2015-snb,q,60,2.0,11.0,378.0,34.364,0.5,2.45
fx-2015-snb,illiq,60,2.0,1e-06,0.020921,20553.753,0.08,1.0
fx-2016-brexit,s,60,2.0,0.755751,24.787134,32.798,0.68,0.92
fx-2016-brexit,v,60,2.0,6.8e-05,0.029067,427.404,0.07,0.32
fx-2016-brexit,sigma,60,2.0,0.000161,0.003595,22.284,5.25,28.93
fx-2016-brexit,q,60,2.0,55.0,576.0,10.473,0.08,0.87
fx-2016-brexit,illiq,60,2.0,1e-06,0.000121,122.785,49.15,0.23
fx-2019-jpyflash,s,60,2.0,0.259212,23.409567,90.311,0.73,2.42
fx-2019-jpyflash,v,60,2.0,4.9e-05,0.01131,228.744,0.12,0.48
fx-2019-jpyflash,sigma,60,2.0,9.5e-05,0.001299,13.632,3.85,29.68
fx-2019-jpyflash,q,60,2.0,50.0,591.0,11.82,0.18,3.53
fx-2019-jpyflash,illiq,60,2.0,0.0,8e-06,877.48,0.1,0.28
fx-2022-ldi,s,60,2.0,0.980448,25.230916,25.734,0.18,0.98
fx-2022-ldi,v,60,2.0,8.7e-05,0.016055,185.157,0.08,0.8
fx-2022-ldi,sigma,60,2.0,0.000168,0.00173,10.313,4.73,23.2
fx-2022-ldi,q,60,2.0,105.0,895.0,8.524,0.03,7.53
fx-2022-ldi,illiq,60,2.0,1e-06,0.000399,463.048,0.05,0.18
fx-2013-goldcrash,s,60,2.0,2.012489,13.753712,6.834,0.02,0.12
fx-2013-goldcrash,v,60,2.0,7.4e-05,0.010387,139.863,0.05,0.23
fx-2013-goldcrash,sigma,60,2.0,0.000154,0.001566,10.174,83.33,124.07
fx-2013-goldcrash,q,60,2.0,36.0,453.0,12.583,2.02,4.77
fx-2013-goldcrash,illiq,60,2.0,0.0,0.0,149.301,0.23,0.1
cr-2020-covid,v,60,3.0,0.000345,0.075106,217.623,0.28,0.65
cr-2020-covid,sigma,60,3.0,0.000609,0.016744,27.506,16.85,63.1
cr-2020-covid,q,60,3.0,22.556959,2319.28637,102.819,0.37,2.55
cr-2020-covid,s_eff,60,3.0,7.604668,1167.347629,153.504,0.32,4.1
cr-2020-covid,illiq,60,3.0,0.0,0.0,114.178,0.0,0.02
cr-2021-elonchina,v,60,3.0,0.000538,0.059738,110.954,0.05,0.15
cr-2021-elonchina,sigma,60,3.0,0.000883,0.011624,13.161,3.9,27.68
cr-2021-elonchina,q,60,3.0,30.704345,1848.147496,60.192,2.35,8.42
cr-2021-elonchina,s_eff,60,3.0,11.083343,824.506749,74.392,1.77,6.4
cr-2021-elonchina,illiq,60,3.0,0.0,0.0,18.115,0.0,0.05
cr-2022-luna,v,60,3.0,0.000677,0.805849,1190.872,1.62,3.07
cr-2022-luna,sigma,60,3.0,0.001168,0.128138,109.67,82.42,80.02
cr-2022-luna,q,60,3.0,1355.43,7258487090.21,5355117.631,81.07,81.42
cr-2022-luna,s_eff,60,3.0,13.490375,9299.171063,689.319,66.93,74.82
cr-2022-luna,illiq,60,3.0,0.0,1e-06,267.519,1.17,1.0
cr-2022-ftx,v,60,3.0,0.000245,0.044764,182.365,0.32,0.6
cr-2022-ftx,sigma,60,3.0,0.000475,0.005373,11.303,4.33,9.53
cr-2022-ftx,q,60,3.0,136.55259,4448.79635,32.579,0.62,3.2
cr-2022-ftx,s_eff,60,3.0,6.298169,535.545924,85.032,2.65,5.35
cr-2022-ftx,illiq,60,3.0,0.0,0.0,15.436,0.1,0.1
cr-2022-celsius,v,60,3.0,0.000427,0.022701,53.171,0.02,0.28
cr-2022-celsius,sigma,60,3.0,0.000796,0.003961,4.974,2.3,5.08
cr-2022-celsius,q,60,3.0,26.82203,3971.22457,148.058,0.02,1.02
cr-2022-celsius,s_eff,60,3.0,8.368573,445.262586,53.207,0.18,2.1
cr-2022-celsius,illiq,60,3.0,0.0,0.0,18.216,0.0,0.02
cr-2023-curve,s,60,3.0,13.012362,22.253097,1.71,,
cr-2023-curve,v,60,3.0,0.001311,0.029794,22.718,0.0,0.13
cr-2023-curve,sigma,60,3.0,0.000976,0.006632,6.792,11.23,21.07
cr-2023-curve,q,60,3.0,1763.7,5012998.2,2842.319,0.45,1.95
cr-2023-curve,d,60,3.0,135444.944245,57217.295794,2.367,,
cr-2023-curve,illiq,60,3.0,0.0,0.000173,580.182,0.0,0.02
cr-2024-etf,s,60,3.0,0.027191,5.730413,210.746,0.13,0.15
cr-2024-etf,v,60,3.0,0.000268,0.028054,104.656,0.15,0.47
cr-2024-etf,sigma,60,3.0,0.000485,0.003787,7.806,4.98,6.55
cr-2024-etf,q,60,3.0,17.18854,1598.53715,93.0,0.42,2.22
cr-2024-etf,d,60,3.0,13.332353,0.895477,14.889,0.02,0.33
cr-2024-etf,illiq,60,3.0,0.0,0.0,14.225,0.0,0.02
eq-2008-lehman,v,60,3.0,0.010314,0.109572,10.624,0.0,24.0
eq-2008-lehman,sigma,60,3.0,0.012672,0.062736,4.951,552.0,600.0
eq-2008-lehman,q,60,3.0,4282960000.0,11456230000.0,2.675,,
eq-2008-lehman,illiq,60,3.0,0.0,0.0,8.551,0.0,24.0
eq-2018-volmageddon,v,60,3.0,0.028017,0.768245,27.42,72.0,144.0
eq-2018-volmageddon,sigma,60,3.0,0.057413,0.304428,5.302,240.0,240.0
eq-2020-covid,v,60,3.0,0.003855,0.127652,33.116,336.0,312.0
eq-2020-covid,sigma,60,3.0,0.009215,0.075383,8.181,480.0,720.0
eq-2020-covid,q,60,3.0,3755430000.0,9053950000.0,2.411,,
eq-2020-covid,illiq,60,3.0,0.0,0.0,22.06,336.0,288.0
eq-2023-svb,v,60,3.0,0.007772,0.131364,16.901,96.0,72.0
eq-2023-svb,sigma,60,3.0,0.011578,0.058381,5.042,216.0,336.0
eq-2023-svb,q,60,3.0,6281500.0,97268000.0,15.485,24.0,408.0
eq-2023-svb,illiq,60,3.0,0.0,0.0,1.79,,
fx-2015-snb,s,60,3.0,0.94901,34.705821,36.571,7.35,10.95
fx-2015-snb,v,60,3.0,8e-06,0.108494,13031.375,0.08,2.25
fx-2015-snb,sigma,60,3.0,2.1e-05,0.01477,714.538,3.98,154.17
fx-2015-snb,q,60,3.0,11.0,378.0,34.364,0.37,2.32
fx-2015-snb,illiq,60,3.0,1e-06,0.020921,20553.753,0.08,0.9
fx-2016-brexit,s,60,3.0,0.755751,24.787134,32.798,0.2,0.42
fx-2016-brexit,v,60,3.0,6.8e-05,0.029067,427.404,0.07,0.3
fx-2016-brexit,sigma,60,3.0,0.000161,0.003595,22.284,5.25,27.02
fx-2016-brexit,q,60,3.0,55.0,576.0,10.473,0.03,0.38
fx-2016-brexit,illiq,60,3.0,1e-06,0.000121,122.785,49.15,0.22
fx-2019-jpyflash,s,60,3.0,0.259212,23.409567,90.311,0.12,0.82
fx-2019-jpyflash,v,60,3.0,4.9e-05,0.01131,228.744,0.1,0.45
fx-2019-jpyflash,sigma,60,3.0,9.5e-05,0.001299,13.632,3.83,5.48
fx-2019-jpyflash,q,60,3.0,50.0,591.0,11.82,0.02,0.75
fx-2019-jpyflash,illiq,60,3.0,0.0,8e-06,877.48,0.05,0.1
fx-2022-ldi,s,60,3.0,0.980448,25.230916,25.734,0.18,0.95
fx-2022-ldi,v,60,3.0,8.7e-05,0.016055,185.157,0.08,0.22
fx-2022-ldi,sigma,60,3.0,0.000168,0.00173,10.313,3.73,19.1
fx-2022-ldi,q,60,3.0,105.0,895.0,8.524,0.03,0.4
fx-2022-ldi,illiq,60,3.0,1e-06,0.000399,463.048,0.05,0.13
fx-2013-goldcrash,s,60,3.0,2.012489,13.753712,6.834,0.02,0.03
fx-2013-goldcrash,v,60,3.0,7.4e-05,0.010387,139.863,0.05,0.23
fx-2013-goldcrash,sigma,60,3.0,0.000154,0.001566,10.174,83.33,77.75
fx-2013-goldcrash,q,60,3.0,36.0,453.0,12.583,2.02,3.92
fx-2013-goldcrash,illiq,60,3.0,0.0,0.0,149.301,0.23,0.08
