token_id,pool_id,day_offset,sample_date,block_number,tick,tvl_usd,quote_price_usd,used_fallback,depth_1pct_token0,depth_1pct_token1,depth_1pct_usd,depth_1pct_pct_of_tvl,depth_1pct_method,depth_1pct_ticks_crossed,depth_5pct_token0,depth_5pct_token1,depth_5pct_usd,depth_5pct_pct_of_tvl,depth_5pct_method,depth_5pct_ticks_crossed,status
bl-dex-pepe,0x11950d141ecb863f01007add7d1a342041227b58,1,2023-04-19,,-226133.0,6936.7115412207895,1933.282272570409,True,64382905.205916055,0.009688411588718577,18.730434373835337,0.27001893134133376,constant_L,0.0,332001412.0497841,0.04894024586348293,94.61530974310884,1.3639793031736407,constant_L,0.0,ok
bl-dex-pepe,0x11950d141ecb863f01007add7d1a342041227b58,3,2023-04-21,,-229570.0,61918.38875542571,1848.0318638316137,True,1041383248.4560767,0.11113566723778075,205.38225426360597,0.33169831837009645,constant_L,0.0,5370070018.844722,0.5613930445680607,1037.4722344952174,1.6755478547627858,constant_L,0.0,ok
bl-dex-pepe,0x11950d141ecb863f01007add7d1a342041227b58,7,2023-04-25,,-227030.0,868872.8467263518,1870.03621764251,True,27817461243.545288,3.827217525703469,7157.035385861641,0.8237149328382364,constant_L,0.0,143445474896.78778,19.33288702340662,36153.198925361285,4.160930918899759,constant_L,0.0,ok
bl-dex-pepe,0x11950d141ecb863f01007add7d1a342041227b58,14,2023-05-02,,-212216.0,3584257.535040581,1875.1487680441264,True,27093371391.90838,16.395803130509677,30744.570041269253,0.8577667687297242,constant_L,0.0,139711582298.65628,82.82210442739202,155303.76708384615,4.332941078188674,constant_L,0.0,ok
bl-dex-pepe,0x11950d141ecb863f01007add7d1a342041227b58,21,2023-05-09,,-206369.0,10279916.076700736,1847.105102602252,True,41866894190.425224,45.4619408578493,83972.98293273523,0.8168644793030816,constant_L,0.0,215893767839.52847,229.6474032549363,424182.89035154984,4.126326393976635,constant_L,0.0,ok
bl-dex-pepe,0x11950d141ecb863f01007add7d1a342041227b58,30,2023-05-18,,-208520.0,13193096.728001991,1805.7146795497763,True,276396108642.4654,242.05071280954954,437074.52531569067,3.312903212389945,constant_L,0.0,1425283591364.4841,1222.7000564390253,2207847.440598288,16.73486889482279,constant_L,0.0,ok
bl-dex-pepe,0x11950d141ecb863f01007add7d1a342041227b58,45,2023-06-02,,-211213.0,10047559.29451687,1905.7679401556425,True,91990249436.11714,61.54042845854836,117281.7755797434,1.167266319530417,constant_L,0.0,474363382794.29315,310.86661334789414,592439.6253831767,5.896353612030749,constant_L,0.0,ok
bl-dex-pepe,0x11950d141ecb863f01007add7d1a342041227b58,60,2023-06-17,,-212680.0,8976551.943036484,1726.6544720885786,True,95053928132.70331,54.913620419886215,94816.84827657123,1.0562724850060599,constant_L,0.0,490161763592.4346,277.39181598484265,478959.8195910006,5.33567702421141,constant_L,0.0,ok
bl-dex-pepe,0x11950d141ecb863f01007add7d1a342041227b58,90,2023-07-17,,-209167.0,15438616.033700207,1913.9715579744359,True,158025130139.67395,129.72002048613038,248280.4297103147,1.6081780204155305,constant_L,0.0,814883487750.769,655.2704370445774,1254168.9792847994,8.123584241923854,constant_L,0.0,ok
bl-dex-pepe,0x11950d141ecb863f01007add7d1a342041227b58,120,2023-08-16,,-211655.0,13764230.406681502,1807.0470512024588,True,303079371560.55457,194.00280329898837,350572.1936264476,2.5469799855738473,constant_L,0.0,1562880379495.7893,979.9898367977083,1770887.7447936777,12.865868213990698,constant_L,0.0,ok
bl-dex-pepe,0x11950d141ecb863f01007add7d1a342041227b58,150,2023-09-15,,-216032.0,12872392.516989801,1646.1875342000017,True,240551319545.65387,99.39972586533452,163630.58962241115,1.2711746429922883,constant_L,0.0,1240443833719.0342,502.10986373419587,826566.9984780947,6.421238300394733,constant_L,0.0,ok
bl-dex-pepe,0x11950d141ecb863f01007add7d1a342041227b58,180,2023-10-15,18386580.0,-216399.0,13286029.259124976,1556.9939502782784,False,168463504687.37366,67.12413598168564,104511.87364114105,0.786629862111445,walking,2.0,747728108059.6011,292.08689277290006,454777.52500298555,3.422975489013317,walking,9.0,ok
bl-dex-mog,0x7832310cd0de39c4ce0a635f34d9a4b5b47fd434,1,2023-07-20,,-259925.0,106.31393901014512,1892.3901527051305,True,2132355285.585394,0.010935769305429237,20.694742145849315,19.465690330479145,constant_L,0.0,10995853069.102352,0.05524117484203935,104.53785529493766,98.32939713104038,constant_L,0.0,ok
bl-dex-mog,0x7832310cd0de39c4ce0a635f34d9a4b5b47fd434,3,2023-07-22,,-260193.0,182.84098122710054,1861.4205493899638,True,1198089325.0861185,0.005981949369626574,11.134923482033244,6.089949532814493,constant_L,0.0,6178151582.6009445,0.030217344733096584,56.24718643418657,30.762899026626776,constant_L,0.0,ok
bl-dex-mog,0x7832310cd0de39c4ce0a635f34d9a4b5b47fd434,7,2023-07-26,,-251691.0,61972.1388430961,1872.7970953012405,True,37540534519.02331,0.43862818373562434,821.4615884173361,1.3255337055529908,constant_L,0.0,193584157620.06085,2.215695623384825,4149.548327546771,6.695828811157846,constant_L,0.0,ok
bl-dex-mog,0x7832310cd0de39c4ce0a635f34d9a4b5b47fd434,14,2023-08-02,,-247271.0,257948.87800500347,1839.6745371226732,True,73220072773.41597,1.330947775701407,2448.5107331979375,0.9492232539001172,constant_L,0.0,377571771162.15936,6.7231775588613,12368.458563591706,4.794926288980328,constant_L,0.0,ok
bl-dex-mog,0x7832310cd0de39c4ce0a635f34d9a4b5b47fd434,21,2023-08-09,,-248477.0,78709.75451682808,1851.683055626394,True,51130960917.49765,0.8238060280245466,1525.4276632159351,1.9380414442657166,constant_L,0.0,263665505148.9044,4.161391079037873,7705.5773488892655,9.789863271955472,constant_L,0.0,ok
bl-dex-mog,0x7832310cd0de39c4ce0a635f34d9a4b5b47fd434,30,2023-08-18,,-235607.0,691850.2631390699,1663.1614738449293,True,37465002636.032036,2.1862564921694196,3636.097569719537,0.5255613480902355,constant_L,0.0,193194664605.9224,11.043701980208725,18367.459662108107,2.6548316363675406,constant_L,0.0,ok
bl-dex-mog,0x7832310cd0de39c4ce0a635f34d9a4b5b47fd434,45,2023-09-02,,-246133.0,627417.1904632512,1634.1991561408738,True,46411613656.606674,0.9453093351192071,1544.8237177438987,0.24621953960223558,constant_L,0.0,239329387517.096,4.775155437414637,7803.554986264505,1.2437585556912742,constant_L,0.0,ok
bl-dex-mog,0x7832310cd0de39c4ce0a635f34d9a4b5b47fd434,60,2023-09-17,,-249763.0,380993.5802104946,1618.570950054657,True,58330618191.11722,0.8264625675925183,1337.6883032128337,0.35110520824885716,constant_L,0.0,300791763640.5262,4.1748103788284086,6757.22680115834,1.7735802260565783,constant_L,0.0,ok
bl-dex-mog,0x7832310cd0de39c4ce0a635f34d9a4b5b47fd434,90,2023-10-17,18400980.0,-248509.0,267547.0855583874,1563.2082007774793,False,25062162.218704082,0.00040253852121572545,0.6292515174932614,0.00023519281332479267,walking,0.0,129237306.37843509,0.0020333915438481677,3.178614336735035,0.0011880579188897047,walking,0.0,ok
bl-dex-mog,0x7832310cd0de39c4ce0a635f34d9a4b5b47fd434,120,2023-11-16,18616980.0,-251164.0,319027.36190782016,1959.1855750486689,False,3891526902.2952824,0.047926322463023106,93.89655963468586,0.029432133680689226,walking,0.0,20067321014.166805,0.24209603227469662,474.31105420910256,0.14867409847627744,walking,0.0,ok
bl-dex-mog,0x7832310cd0de39c4ce0a635f34d9a4b5b47fd434,150,2023-12-16,18832980.0,-248917.0,366354.55308745813,2225.9193536243606,False,1025543612.5164453,0.015812891433333667,35.19822107821827,0.009607693088999378,walking,0.0,5288390239.383169,0.07987757203265893,177.80103350801946,0.048532502738016695,walking,0.0,ok
bl-dex-mog,0x7832310cd0de39c4ce0a635f34d9a4b5b47fd434,180,2024-01-15,19048980.0,-250069.0,412574.88149277016,2509.8997673902036,False,7065286345.2005825,0.09709008069765819,243.68637095894837,0.059064761789968216,walking,0.0,36433351922.2308,0.49044287360600386,1230.962454381892,0.29836097872174094,walking,0.0,ok
bl-dex-wld,0x841820459769cd629b10a36fd12e603938cc2679,1,2023-07-24,,-67352.0,645860.5656950945,1846.5642460517863,True,7292.837873188555,8.625917327333216,15928.310526052099,2.4662150581851323,constant_L,0.0,37606.76011753351,43.57314002734279,80460.60246269914,12.457890562819085,constant_L,0.0,ok
bl-dex-wld,0x841820459769cd629b10a36fd12e603938cc2679,3,2023-07-26,,-67196.0,1023594.9769357727,1872.7970953012405,True,11694.405404835208,14.049956340439266,26312.717423483904,2.570618068315799,constant_L,0.0,60304.19247268124,70.97224466319818,132916.6136522465,12.985274121815724,constant_L,0.0,ok
bl-dex-wld,0x841820459769cd629b10a36fd12e603938cc2679,7,2023-07-30,,-66979.0,578441.9197467057,1859.3822903265318,True,3052.950227106252,3.74835329711929,6969.6217385506725,1.2048956862605331,constant_L,0.0,15743.057618715275,18.934510602112073,35206.49368956715,6.0864353857659115,constant_L,0.0,ok
bl-dex-wld,0x841820459769cd629b10a36fd12e603938cc2679,14,2023-08-06,,-68003.0,420124.1838726286,1829.234613369659,True,1983.7807340957336,2.198680888083915,4021.9031842374384,0.9573129418935763,constant_L,0.0,10229.70309914544,11.10646283478121,20316.326249485493,4.835790708883569,constant_L,0.0,ok
bl-dex-wld,0x841820459769cd629b10a36fd12e603938cc2679,21,2023-08-13,,-69349.0,466962.55001507985,1839.219311664903,True,1498.4538695307738,1.4515991473013454,2669.8091845129406,0.5717394648514583,constant_L,0.0,7727.032493867249,7.332638432379715,13486.330210289034,2.8880967456284266,constant_L,0.0,ok
bl-dex-wld,0x841820459769cd629b10a36fd12e603938cc2679,30,2023-08-22,,-70474.0,375464.88544409175,1629.994767292328,True,1453.7078026469167,1.258451105895383,2051.2687175027177,0.5463277118648582,constant_L,0.0,7496.2917818474525,6.356966357767877,10361.82189901501,2.759731282662897,constant_L,0.0,ok
bl-dex-wld,0x841820459769cd629b10a36fd12e603938cc2679,45,2023-09-06,,-71424.0,345292.4763894382,1629.8755552902903,True,1266.2190569472045,0.9967854690912866,1624.6362699404533,0.4705101851417425,constant_L,0.0,6529.474144204871,5.035183062131598,8206.721789380003,2.3767450351637693,constant_L,0.0,ok
bl-dex-wld,0x841820459769cd629b10a36fd12e603938cc2679,60,2023-09-21,,-69470.0,393738.3583233182,1587.948275901447,True,1620.2443649651384,1.550628644023083,2462.318081839853,0.6253691137244802,constant_L,0.0,8355.06591872009,7.832878112838971,12438.205294628824,3.159002680763756,constant_L,0.0,ok
bl-dex-wld,0x841820459769cd629b10a36fd12e603938cc2679,90,2023-10-21,18429780.0,-69501.0,547458.9460283044,1631.6036900579486,False,3882.6150423770364,3.70448039682286,6044.243885203512,1.1040542727547311,walking,0.0,20021.365491231634,18.712890111736506,30532.02055795818,5.577042950793178,walking,0.0,ok
bl-dex-wld,0x841820459769cd629b10a36fd12e603938cc2679,120,2023-11-20,18645780.0,-66863.0,875351.5482748059,2025.4664887863194,False,2366.0332812303054,2.9390083290688773,5952.862880792886,0.6800539614655549,walking,0.0,14313.178498341596,17.398810741251552,35240.70810114048,4.025892016823976,walking,1.0,ok
bl-dex-wld,0x841820459769cd629b10a36fd12e603938cc2679,150,2023-12-20,18861780.0,-64907.0,1411676.4438335234,2195.531062738202,False,3400.6693104023684,5.13632791210119,11276.967479427414,0.7988351387945443,walking,0.0,17536.130271801343,25.94575473511155,56964.71046712419,4.03525260451551,walking,0.0,ok
bl-dex-wld,0x841820459769cd629b10a36fd12e603938cc2679,180,2024-01-19,19077780.0,-69044.0,1201269.3688233038,2487.599929774325,False,4403.945998018826,4.398342691110205,10941.316969529162,0.9108129494924742,walking,0.0,22709.697321935866,22.217880683912394,55269.198429034805,4.600899670252428,walking,0.0,ok
bl-dex-turbo,0x7baece5d47f1bc5e1953fbe0e9931d54dab6d810,1,2023-05-01,,-172575.0,16070.1121575055,1828.0410842152296,True,3790579.2367976205,0.12080237907252829,220.83171201552378,1.374176544949532,constant_L,0.0,19546767.190427393,0.610223675838396,1115.5139499934241,6.941544272125236,constant_L,0.0,ok
bl-dex-turbo,0x7baece5d47f1bc5e1953fbe0e9931d54dab6d810,3,2023-05-03,,-149699.0,2053505.756219492,1906.5345850584197,True,10596894.270405296,3.326544313842919,6342.171783070955,0.30884606794318925,constant_L,0.0,54644689.4538946,16.803775841316668,32036.97980103937,1.5601115168052662,constant_L,0.0,ok
bl-dex-turbo,0x7baece5d47f1bc5e1953fbe0e9931d54dab6d810,7,2023-05-07,,-142136.0,6729639.044910438,1878.207712408913,True,7847802.693759086,5.2483231094875915,9857.440941453522,0.14647800388207463,constant_L,0.0,40468530.69899639,26.51148962833217,49794.08428738239,0.7399220664745931,constant_L,0.0,ok
bl-dex-turbo,0x7baece5d47f1bc5e1953fbe0e9931d54dab6d810,14,2023-05-14,,-148013.0,6025752.6860436555,1798.049900449483,True,31310196.341261134,11.633693059004479,20917.960646602845,0.3471427012769919,constant_L,0.0,161456358.07530564,58.76668155499769,105665.42591971006,1.7535639350822263,constant_L,0.0,ok
bl-dex-turbo,0x7baece5d47f1bc5e1953fbe0e9931d54dab6d810,21,2023-05-21,,-149776.0,5249837.783224663,1804.6534799317515,True,20178247.97305647,6.285625122707704,11343.375251240901,0.2160709667542021,constant_L,0.0,104052571.07176617,31.751338812772538,57300.164080962044,1.0914654213518569,constant_L,0.0,ok
bl-dex-turbo,0x7baece5d47f1bc5e1953fbe0e9931d54dab6d810,30,2023-05-30,,-157649.0,3907713.178758377,1904.2515136362836,True,20430389.098595705,2.89638688804859,5515.449115642812,0.1411426290348994,constant_L,0.0,105352779.71328731,14.630869582576603,27860.855548436557,0.7129708418694375,constant_L,0.0,ok
bl-dex-turbo,0x7baece5d47f1bc5e1953fbe0e9931d54dab6d810,45,2023-06-14,,-163469.0,2772102.9427634967,1648.238102185,True,27855541.656430088,2.2067714076509564,3637.284716902733,0.13121030466771702,constant_L,0.0,143641843.02911672,11.147331455313289,18373.45644233273,0.662798489871964,constant_L,0.0,ok
bl-dex-turbo,0x7baece5d47f1bc5e1953fbe0e9931d54dab6d810,60,2023-06-29,,-157731.0,3876437.728863298,1850.0539014073568,True,24698698.656362195,3.472796627701942,6424.86094987429,0.16574136873232517,constant_L,0.0,127363044.63861118,17.542557852467368,32454.677595621517,0.8372294324237299,constant_L,0.0,ok
bl-dex-turbo,0x7baece5d47f1bc5e1953fbe0e9931d54dab6d810,90,2023-07-29,,-166541.0,2910249.224484792,1879.979016120023,True,23529813.965660598,1.370996393361378,2577.4444506956233,0.08856438922862059,constant_L,0.0,121335491.72537921,6.925479987574463,13019.75705319915,0.44737601658511106,constant_L,0.0,ok
bl-dex-turbo,0x7baece5d47f1bc5e1953fbe0e9931d54dab6d810,120,2023-08-28,,-166433.0,2597404.0603628415,1650.9439081052617,True,33484787.155987974,1.9722960214910261,3256.150101660854,0.12536170830525264,constant_L,0.0,172670005.8411393,9.962897563078085,16448.185038840522,0.6332547673211387,constant_L,0.0,ok
bl-dex-turbo,0x7baece5d47f1bc5e1953fbe0e9931d54dab6d810,150,2023-09-27,,-169138.0,2331206.121414545,1596.0777537740655,True,3578365.7108812793,0.1608164035466285,256.6754841427265,0.011010415672166268,constant_L,0.0,18452452.014140517,0.8123513598057236,1296.575933634027,0.05561824506737662,constant_L,0.0,ok
bl-dex-turbo,0x7baece5d47f1bc5e1953fbe0e9931d54dab6d810,180,2023-10-27,18472980.0,-165205.0,2878784.796454504,1778.8070519579203,False,6864404.842306988,0.45714469284671716,813.172203400878,0.02824706467820646,walking,0.0,26365353.148932666,1.7265232628707667,3071.1517553639183,0.10668222783260256,walking,2.0,ok
bl-dex-banana,0x6cdff40fcad846328a8aa19ea928d3fa9412517f,1,2023-09-14,,-52598.0,1260.067134069311,1629.4962528821384,True,1.9969952437707321,0.010328427497552504,16.830133905426646,1.3356537481518735,constant_L,0.0,10.297845968089044,0.05217323567280758,85.01609202957667,6.746949406975034,constant_L,0.0,ok
bl-dex-banana,0x6cdff40fcad846328a8aa19ea928d3fa9412517f,3,2023-09-16,,-52109.0,7077.394198218975,1636.8788489016913,True,10.057745248522918,0.054627234563007464,89.41816483017834,1.2634334378701189,constant_L,0.0,51.86447573105007,0.27594516045012285,451.6887965975896,6.382134214189411,constant_L,0.0,ok
bl-dex-banana,0x6cdff40fcad846328a8aa19ea928d3fa9412517f,7,2023-09-20,,-51629.0,4192.785498691274,1624.6854615579573,True,11.33670240995058,0.06459544331435856,104.94727763572949,2.5030442809079423,constant_L,0.0,58.45963607970339,0.32629877957977416,530.1328833073635,12.643930472303863,constant_L,0.0,ok
bl-dex-banana,0x6cdff40fcad846328a8aa19ea928d3fa9412517f,14,2023-09-27,,-52856.0,11959.792612062723,1596.0777537740655,True,53.640258747532506,0.270366509566927,431.5259712853152,3.6081392485859274,constant_L,0.0,276.6051266239013,1.3657350671254238,2179.819358188019,18.226230411298598,constant_L,0.0,ok
bl-dex-banana,0x6cdff40fcad846328a8aa19ea928d3fa9412517f,21,2023-10-04,,-52099.0,12198.579234666391,1648.2204481694525,True,33.50932709504727,0.18217919813387362,300.27147959536467,2.461528296197328,constant_L,0.0,172.79655021487963,0.920263829239641,1516.7976610634976,12.434215754839743,constant_L,0.0,ok
bl-dex-banana,0x6cdff40fcad846328a8aa19ea928d3fa9412517f,30,2023-10-13,18372180.0,-55938.0,5320.854139939704,1549.9818987128044,False,,,,,,,,,,,,,ok
bl-dex-banana,0x6cdff40fcad846328a8aa19ea928d3fa9412517f,45,2023-10-28,18480180.0,-54177.0,6536.89549145764,1776.8070108053764,False,1.3455459235170928,0.005949111806179244,10.570423565284317,0.16170403181598447,walking,1.0,5.381107118438118,0.023321291352507698,41.437433976170475,0.6339008177554707,walking,1.0,ok
bl-dex-banana,0x6cdff40fcad846328a8aa19ea928d3fa9412517f,60,2023-11-12,18588180.0,-49443.0,42587.60775649937,2040.6365139956888,False,23.099714729461663,0.16379092276459087,334.2377376544718,0.7848239318008259,walking,0.0,119.11761178841397,0.8273769086812689,1688.375530691874,3.964476099116434,walking,0.0,ok
bl-dex-banana,0x6cdff40fcad846328a8aa19ea928d3fa9412517f,90,2023-12-12,18804180.0,-52692.0,12854.809677264382,2198.4640776811802,False,0.9013878898959847,0.004618421625312411,10.153434038835268,0.07898548709587748,walking,0.0,4.6481601178592395,0.023329592036243435,51.28927003863813,0.39898894908845467,walking,0.0,ok
bl-dex-banana,0x6cdff40fcad846328a8aa19ea928d3fa9412517f,120,2024-01-11,19020180.0,-53330.0,15318.555652166728,2616.6320975151566,False,2.0350082931173827,0.009781668857128478,25.595028698826773,0.16708513047838486,walking,0.0,10.493866728864637,0.049411327588567366,129.29126574908156,0.8440173387416849,walking,0.0,ok
bl-dex-banana,0x6cdff40fcad846328a8aa19ea928d3fa9412517f,150,2024-02-10,19236180.0,-47304.0,57531.83763179016,2500.903005286203,False,58.13254672470288,0.5104817700104011,1276.6653927628324,2.2190589512082437,walking,0.0,299.77037440178003,2.578658338816471,6448.974389152441,11.209401011013345,walking,0.0,ok
bl-dex-banana,0x6cdff40fcad846328a8aa19ea928d3fa9412517f,180,2024-03-11,19452180.0,-47662.0,30707.43138525407,4074.363408114287,False,0.3476164411796272,0.002945077543601118,11.999316177707504,0.039076261466368244,walking,0.0,1.7925433615374338,0.01487682658307942,60.61359785896069,0.19739064820663502,walking,0.0,ok
bl-dex-neiro,0x79a6683d82f25535ff3fd2753e03e0961060e882,1,2024-07-27,20445780.0,4113.0,6477.489367830643,3256.38940572356,False,,,,,,,,,,,,,ok
bl-dex-neiro,0x79a6683d82f25535ff3fd2753e03e0961060e882,3,2024-07-29,20460180.0,27181.0,5564.050923238627,3323.363719298297,False,62272.148024709386,0.0009387504108017251,3.1198090567348253,0.05607082141726519,walking,0.0,321116.9332830421,0.004742023549306971,15.759469019824927,0.28323732541707086,walking,0.0,ok
bl-dex-neiro,0x79a6683d82f25535ff3fd2753e03e0961060e882,7,2024-08-02,20488980.0,7603.0,6038.221541694411,2986.5534784624165,False,2556302.36765562,0.005440600009744047,16.24864288402374,0.26909650087903436,walking,0.0,13182008.375880394,0.027482761202237412,82.07873606629408,1.3593197185551031,walking,0.0,ok
bl-dex-neiro,0x79a6683d82f25535ff3fd2753e03e0961060e882,14,2024-08-09,20539380.0,27094.0,30124.25418487602,2594.6521412847637,False,39526272.806207985,0.5907215424518598,1532.7169150257566,5.087982944305596,walking,1.0,115334252.37962526,1.700961332221862,4413.402962892039,14.650663003327738,walking,3.0,ok
bl-dex-neiro,0x79a6683d82f25535ff3fd2753e03e0961060e882,21,2024-08-16,20589780.0,26784.0,445387.998134819,2592.561204409493,False,46331827.16331378,0.671248739910532,1740.2534416008032,0.3907275114930305,walking,0.0,237850933.0760391,3.375779024011172,8751.913732310706,1.965008884155316,walking,2.0,ok
bl-dex-neiro,0x79a6683d82f25535ff3fd2753e03e0961060e882,30,2024-08-25,20654580.0,30230.0,556007.8141186981,2751.253640809845,False,41803693.45836389,0.8548323251228926,2351.8605467763036,0.42299055643743555,walking,1.0,210803792.61192235,4.223268197526015,11619.28200455988,2.0897695517062216,walking,3.0,ok
bl-dex-neiro,0x79a6683d82f25535ff3fd2753e03e0961060e882,45,2024-09-09,20762580.0,49893.0,3977182.358032372,2360.6019813025473,False,76011783.88732643,11.102380462589721,26208.301317163987,0.6589665486228798,walking,0.0,393857713.4309051,56.34870337110439,133016.86082165854,3.3444999209808888,walking,2.0,ok
bl-dex-neiro,0x79a6683d82f25535ff3fd2753e03e0961060e882,60,2024-09-24,20870580.0,60690.0,7156939.308029462,2660.5077204645077,False,2913285.4655105923,1.252626129639821,3332.6214887623187,0.04656489800078936,walking,1.0,15050120.607165065,6.338819408468094,16864.477974859627,0.23563813033791067,walking,3.0,ok
bl-dex-neiro,0x79a6683d82f25535ff3fd2753e03e0961060e882,90,2024-10-24,21086580.0,64518.0,9405524.382610863,2535.9845969625553,False,155284.9002745585,0.09790871636793846,248.29499661746758,0.0026398846732726645,walking,0.0,800753.0259200922,0.4945781470312896,1254.2425628656324,0.013335168905462656,walking,0.0,ok
bl-dex-neiro,0x79a6683d82f25535ff3fd2753e03e0961060e882,120,2024-11-23,21302580.0,62224.0,10745405.151223045,3397.450401904791,False,41768.174421043346,0.020937456235425023,71.13396910190872,0.0006619942952436022,walking,1.0,214231.30315310907,0.10519824726322621,357.40582744412745,0.0033261270507184875,walking,1.0,ok
bl-dex-neiro,0x79a6683d82f25535ff3fd2753e03e0961060e882,150,2024-12-23,21518580.0,56748.0,6111554.711964139,3422.268399241209,False,35473.07923969507,0.01028389779789342,35.194258454756906,0.000575864245898997,walking,0.0,182021.65569628464,0.051694228323423366,176.91152401441164,0.0028947057230476075,walking,1.0,ok
bl-dex-neiro,0x79a6683d82f25535ff3fd2753e03e0961060e882,180,2025-01-22,21734580.0,50901.0,3494567.8778548134,3235.5500010549204,False,7061.639135562642,0.0011408371465326925,3.6912356306673453,0.00010562781321429816,walking,0.0,36414.54446478613,0.005762848732244005,18.645985221691436,0.0005335705550277513,walking,0.0,ok
bl-dex-unibot,0x1837375ca5c388dfe83b708eb75d598e31807fcf,1,2023-05-27,,-47113.0,2463.3667689556173,1828.0633770594106,True,2.4344654478262036,0.021790250215031365,39.83395839505979,1.6170534934977634,constant_L,0.0,12.553735555730727,0.11007172777343927,201.2180943922775,8.168417993134943,constant_L,0.0,ok
bl-dex-unibot,0x1837375ca5c388dfe83b708eb75d598e31807fcf,3,2023-05-29,,-46860.0,211477.8789321472,1897.0604581568605,True,346.1312364736868,3.1775361460519154,6027.978177039231,2.850406012901856,constant_L,0.0,1784.8846506113114,16.05107285171132,30449.855617976624,14.39860082375163,constant_L,0.0,ok
bl-dex-unibot,0x1837375ca5c388dfe83b708eb75d598e31807fcf,7,2023-06-02,,-46715.0,371004.5182608038,1905.7679401556425,True,310.8507782097187,2.895168910577072,5517.520091113121,1.4871840690723042,constant_L,0.0,1602.954960984248,14.624717065586019,27871.316917440938,7.512392853891966,constant_L,0.0,ok
bl-dex-unibot,0x1837375ca5c388dfe83b708eb75d598e31807fcf,14,2023-06-09,,-48012.0,470879.9881964353,1835.746393679955,True,454.6949160674929,3.7198615778548434,6828.722476535656,1.4502044358884374,constant_L,0.0,2344.711747682928,18.790586932776794,34494.75219697469,7.325593157843997,constant_L,0.0,ok
bl-dex-unibot,0x1837375ca5c388dfe83b708eb75d598e31807fcf,21,2023-06-16,,-56174.0,26291.056949061676,1718.897323853611,True,0.04712709909066204,0.00017046101273057834,0.2930049786039674,0.0011144663342050412,constant_L,0.0,0.24301890997103756,0.0008610703412814237,1.4800915052783548,0.005629638656772142,constant_L,0.0,ok
bl-dex-unibot,0x1837375ca5c388dfe83b708eb75d598e31807fcf,30,2023-06-25,,-56174.0,26291.056949061676,1900.5612525434663,True,0.04712709909066204,0.00017046101273057834,0.32397159586505575,0.0012322501772855437,constant_L,0.0,0.24301890997103756,0.0008610703412814237,1.6365169263538526,0.006224614436477646,constant_L,0.0,ok
bl-dex-unibot,0x1837375ca5c388dfe83b708eb75d598e31807fcf,45,2023-07-10,,-56174.0,26291.056949061676,1876.058661381916,True,0.04712709909066204,0.00017046101273057834,0.31979485936113455,0.0012163636478393768,constant_L,0.0,0.24301890997103756,0.0008610703412814237,1.6154184718200972,0.006144364887839746,constant_L,0.0,ok
bl-dex-unibot,0x1837375ca5c388dfe83b708eb75d598e31807fcf,60,2023-07-25,,-56174.0,26291.056949061676,1859.3592031109688,True,0.04712709909066204,0.00017046101273057834,0.31694825279221683,0.0012055363670098803,constant_L,0.0,0.24301890997103756,0.0008610703412814237,1.601039063587518,0.006089671733964499,constant_L,0.0,ok
bl-dex-unibot,0x1837375ca5c388dfe83b708eb75d598e31807fcf,90,2023-08-24,,-56174.0,26291.056949061676,1658.5947205565576,True,0.04712709909066204,0.00017046101273057834,0.2827257357756614,0.0010753684658758149,constant_L,0.0,0.24301890997103756,0.0008610703412814237,1.4281667220772027,0.005432138863204485,constant_L,0.0,ok
bl-dex-unibot,0x1837375ca5c388dfe83b708eb75d598e31807fcf,120,2023-09-23,,-56174.0,26291.056949061676,1592.1712969550056,True,0.04712709909066204,0.00017046101273057834,0.27140313171950864,0.0010323020951395982,constant_L,0.0,0.24301890997103756,0.0008610703412814237,1.3709714820475336,0.005214592493195536,constant_L,0.0,ok
bl-dex-unibot,0x1837375ca5c388dfe83b708eb75d598e31807fcf,150,2023-10-23,18444180.0,-56174.0,26725.93074626395,1762.8396509890185,False,,,,,,,,,,,,,ok
bl-dex-unibot,0x1837375ca5c388dfe83b708eb75d598e31807fcf,180,2023-11-22,18660180.0,-56174.0,26725.93074626395,2063.0049488629857,False,,,,,,,,,,,,,ok
bl-dex-blur,0x824a30f2984f9013f2c8d0a29c0a3cc5fd5c0673,1,2023-02-14,,-77605.0,946167.4396030129,1557.5544647991558,True,41570.656373845195,17.63789981172298,27471.98960142932,2.9035019016249226,constant_L,0.0,214366.16710308136,89.0964577006984,138772.5854895119,14.666810511650796,constant_L,0.0,ok
bl-dex-blur,0x824a30f2984f9013f2c8d0a29c0a3cc5fd5c0673,3,2023-02-16,,-75176.0,5758521.381576861,1639.213012957787,True,122316.52775923061,66.16641164613381,108460.84299106422,1.883484245418644,constant_L,0.0,630746.0000944596,334.2344020186791,547881.3811671832,9.514271891392305,constant_L,0.0,ok
bl-dex-blur,0x824a30f2984f9013f2c8d0a29c0a3cc5fd5c0673,7,2023-02-20,,-72282.0,14834810.08615707,1698.5801786973038,True,276241.8971726414,199.571180453863,338987.6513581545,2.285082514635471,constant_L,0.0,1424488.3736654106,1008.11805415562,1712369.3445756312,11.542913826537683,constant_L,0.0,ok
bl-dex-blur,0x824a30f2984f9013f2c8d0a29c0a3cc5fd5c0673,14,2023-02-27,,-75646.0,13524146.686547864,1630.9467792670325,True,194675.88421617274,100.47518630754475,163869.68150454515,1.2116822251531942,constant_L,0.0,1003879.3410315425,507.54246720858697,827774.7522350884,6.120717050920895,constant_L,0.0,ok
bl-dex-blur,0x824a30f2984f9013f2c8d0a29c0a3cc5fd5c0673,21,2023-03-06,,-77523.0,10653941.746701052,1566.4591581507075,True,94787.64868921618,40.54887479810812,63518.15628020289,0.5961939514064926,constant_L,0.0,488788.64830734936,204.82943813181961,320856.9492204526,3.0116266528283258,constant_L,0.0,ok
bl-dex-blur,0x824a30f2984f9013f2c8d0a29c0a3cc5fd5c0673,30,2023-03-15,,-79752.0,6337958.766886857,1656.094556114919,True,85009.12142535366,29.098998488337784,48190.69298493246,0.760350370796168,constant_L,0.0,438364.0076517692,146.99129236609215,243431.47908378165,3.84084983884098,constant_L,0.0,ok
bl-dex-blur,0x824a30f2984f9013f2c8d0a29c0a3cc5fd5c0673,45,2023-03-30,,-80722.0,7120732.718045844,1789.5550527578753,True,93462.05024674682,29.036944682992043,51963.21107409933,0.7297452822854963,constant_L,0.0,481952.9742521921,146.6778324699501,262488.05622417235,3.686250651691466,constant_L,0.0,ok
bl-dex-blur,0x824a30f2984f9013f2c8d0a29c0a3cc5fd5c0673,60,2023-04-14,,-80156.0,7794319.645044296,2105.41657079929,True,86423.23771989664,28.413735967145573,59822.75054354408,0.7675172852524719,constant_L,0.0,445656.1390815281,143.5297428684229,302189.8990377388,3.877052941110441,constant_L,0.0,ok
bl-dex-blur,0x824a30f2984f9013f2c8d0a29c0a3cc5fd5c0673,90,2023-05-14,,-82293.0,5119538.689627427,1798.049900449483,True,55135.38331239479,14.638742161945762,26321.188886992226,0.5141320435827734,constant_L,0.0,284314.9909914197,73.94644973299664,132959.4065810073,2.5970974074362037,constant_L,0.0,ok
bl-dex-blur,0x824a30f2984f9013f2c8d0a29c0a3cc5fd5c0673,120,2023-06-13,,-85946.0,3684799.3921553227,1737.9128373598812,True,24254.177105830557,4.469122133408443,7766.944727379713,0.2107833806072317,constant_L,0.0,125070.79358235642,22.575417445892278,39234.10778797441,1.0647555975910399,constant_L,0.0,ok
bl-dex-blur,0x824a30f2984f9013f2c8d0a29c0a3cc5fd5c0673,150,2023-07-13,,-86756.0,3673030.2594782086,2003.4685475908761,True,15900.268235613274,2.7017761804480456,5412.923600157871,0.14736942572661604,constant_L,0.0,81992.44021857137,13.647808965217443,27342.95600534193,0.7444250135098608,constant_L,0.0,ok
bl-dex-blur,0x824a30f2984f9013f2c8d0a29c0a3cc5fd5c0673,180,2023-08-12,,-87805.0,3224402.6778340093,1847.392307611244,True,12933.842554827213,1.9789007228291557,3655.8059728809126,0.11337932442534436,constant_L,0.0,66695.56115398447,9.996260690189603,18467.015103932936,0.5727267016270481,constant_L,0.0,ok
bl-dex-arkm,0x9cb91e5451d29c84b51ffd40df0b724b639bf841,1,2023-07-18,,-79828.0,825829.5123902417,1896.4720903927614,True,26675.57742143415,9.062385394844986,17186.560973706502,2.081127002105136,constant_L,0.0,137557.15655940745,45.77792399424906,86816.55521121447,10.512648665211389,constant_L,0.0,ok
bl-dex-arkm,0x9cb91e5451d29c84b51ffd40df0b724b639bf841,3,2023-07-20,,-80756.0,642938.0533402003,1892.3901527051305,True,15884.630435190535,4.917928326436076,9306.639136657253,1.4475172356508186,constant_L,0.0,81911.80123831675,24.842526479266276,47011.752477679955,7.312018978102769,constant_L,0.0,ok
bl-dex-arkm,0x9cb91e5451d29c84b51ffd40df0b724b639bf841,7,2023-07-24,,-81666.0,551984.0658608723,1846.5642460517863,True,15774.953857213282,4.459298060895934,8234.380361738493,1.4917786347502955,constant_L,0.0,81346.23529125859,22.525791919588535,41595.321972714424,7.53560193949485,constant_L,0.0,ok
bl-dex-arkm,0x9cb91e5451d29c84b51ffd40df0b724b639bf841,14,2023-07-31,,-82132.0,512348.20499526855,1856.506309151707,True,10810.655403575704,2.9168961785951284,5415.236158702361,1.05694449710278,constant_L,0.0,55746.98513047202,14.734470643766326,27354.637712162796,5.339071640236431,constant_L,0.0,ok
bl-dex-arkm,0x9cb91e5451d29c84b51ffd40df0b724b639bf841,21,2023-08-07,,-83918.0,292054.6401898795,1822.3537521174835,True,6548.807192245713,1.4779419512202043,2693.333060217974,0.9222017696643688,constant_L,0.0,33770.039238110985,7.465707025586879,13605.159210288108,4.658429395760569,constant_L,0.0,ok
bl-dex-arkm,0x9cb91e5451d29c84b51ffd40df0b724b639bf841,30,2023-08-16,,-84825.0,291991.74233835016,1807.0470512024588,True,10422.661362327497,2.1483243437845476,3882.123170462324,1.3295318351721916,constant_L,0.0,53746.22779979214,10.852090728861029,19610.238550969865,6.71602504712143,constant_L,0.0,ok
bl-dex-arkm,0x9cb91e5451d29c84b51ffd40df0b724b639bf841,45,2023-08-31,,-83009.0,302595.003594007,1644.595531166026,True,15127.179658753259,3.738965881943525,6149.08658062656,2.0321176845592652,constant_L,0.0,78005.87735166991,18.887090815852854,31061.625152478497,10.26508196881995,constant_L,0.0,ok
bl-dex-arkm,0x9cb91e5451d29c84b51ffd40df0b724b639bf841,60,2023-09-15,,-83828.0,228398.64041167073,1646.1875342000017,True,9399.42011744926,2.1404270092887554,3523.54426055614,1.5427168280009138,constant_L,0.0,48469.710111117594,10.812197967457324,17798.905511330842,7.7929121991486925,constant_L,0.0,ok
bl-dex-arkm,0x9cb91e5451d29c84b51ffd40df0b724b639bf841,90,2023-10-15,18386580.0,-85708.0,229936.49963908692,1556.9939502782784,False,10310.26447996679,1.9456111848244118,3029.3048443653624,1.3174527963677893,walking,0.0,53152.80963717249,9.825607886994243,15298.412037856575,6.653320400140594,walking,1.0,ok
bl-dex-arkm,0x9cb91e5451d29c84b51ffd40df0b724b639bf841,120,2023-11-14,18602580.0,-84720.0,220921.13344281993,1982.3893451692581,False,711.6941735937364,0.14824491107229992,293.87913218529155,0.13302445429529494,walking,0.0,3669.9721739027996,0.7488474585799706,1484.5072230460112,0.671962523417996,walking,0.0,ok
bl-dex-arkm,0x9cb91e5451d29c84b51ffd40df0b724b639bf841,150,2023-12-14,18818580.0,-81606.0,349853.75878934626,2319.561218482311,False,818.334405893583,0.2327300634748876,539.8316296112757,0.1543020808120912,walking,0.0,4219.8806875312375,1.175617532552775,2726.916836277282,0.7794447730713712,walking,0.0,ok
bl-dex-arkm,0x9cb91e5451d29c84b51ffd40df0b724b639bf841,180,2024-01-13,19034580.0,-83698.0,336017.3242830471,2580.639974770843,False,843.079485225876,0.1945053928249185,501.9483920324905,0.14938170021545374,walking,0.0,4344.583409472259,0.9818798443629911,2533.8783767849086,0.7540915880427862,walking,2.0,ok
bl-dex-mav,0xb442a660450aeb6bd852438ed32ee7a519c0da4f,1,2023-06-27,,,2081.7026071114606,1891.8045312168924,True,,,,,,,,,,,,,ok
bl-dex-mav,0xb442a660450aeb6bd852438ed32ee7a519c0da4f,3,2023-06-29,,-84246.0,18012.615770963617,1850.0539014073568,True,1002.044157535593,0.21885159146795044,404.8872406244907,2.247798130892072,constant_L,0.0,5167.211298931677,1.1055115274549103,2045.255914418763,11.354574707110118,constant_L,0.0,ok
bl-dex-mav,0xb442a660450aeb6bd852438ed32ee7a519c0da4f,7,2023-07-03,,-84232.0,21390.10916524479,1955.1148200723417,True,814.1947691172878,0.17806912453407206,348.1455843738717,1.627600783541338,constant_L,0.0,4198.533945710366,0.8995021171004416,1758.6299198295203,8.221696795671281,constant_L,0.0,ok
bl-dex-mav,0xb442a660450aeb6bd852438ed32ee7a519c0da4f,14,2023-07-10,,-85019.0,14077.517348208485,1876.058661381916,True,643.8033503176175,0.13015106830772857,244.17103898682356,1.7344751417969089,constant_L,0.0,3319.881585091825,0.6574478410673862,1233.4107166413112,8.76156417451175,constant_L,0.0,ok
bl-dex-mav,0xb442a660450aeb6bd852438ed32ee7a519c0da4f,21,2023-07-17,,-85924.0,15261.14355666577,1913.9715579744359,True,585.0447310716394,0.10803845333528088,206.78252685127595,1.354960891911389,constant_L,0.0,3016.8827611436686,0.5457477131850975,1044.5456008658666,6.844477918626415,constant_L,0.0,ok
bl-dex-mav,0xb442a660450aeb6bd852438ed32ee7a519c0da4f,30,2023-07-26,,-87350.0,10937.422916156069,1872.7970953012405,True,73.03534288155626,0.011695261073377414,21.902850967010888,0.20025604875036318,constant_L,0.0,376.61918002403877,0.05907768751641312,110.64052157785284,1.0115776122583837,constant_L,0.0,ok
bl-dex-mav,0xb442a660450aeb6bd852438ed32ee7a519c0da4f,45,2023-08-10,,-88087.0,10847.904957363671,1850.354373067891,True,54.12793305756222,0.008051923277651224,14.898911448409088,0.13734367610121392,constant_L,0.0,279.1199022313698,0.040673654424530574,75.26067433308232,0.6937807312000331,constant_L,0.0,ok
bl-dex-mav,0xb442a660450aeb6bd852438ed32ee7a519c0da4f,60,2023-08-25,,-89752.0,9625.36390264742,1649.5964938712375,True,11.344784638891722,0.0014287788679767813,2.3569086111318143,0.024486436408742485,constant_L,0.0,58.501313469258406,0.007217363593920238,11.905737679524739,0.12369129936219982,constant_L,0.0,ok
bl-dex-mav,0xb442a660450aeb6bd852438ed32ee7a519c0da4f,90,2023-09-24,,-87900.0,9176.815423661086,1577.0138219307466,True,2.4661006571811925,0.0003737730582540515,0.5894452791319654,0.006423200771938448,constant_L,0.0,12.716867898745148,0.0018880850798493826,2.9775362679036936,0.0324462913379139,constant_L,0.0,ok
bl-dex-mav,0xb442a660450aeb6bd852438ed32ee7a519c0da4f,120,2023-10-24,18451380.0,-87500.0,10306.656721689926,1786.1586745932552,False,2.417312736355142,0.00038131681132279067,0.6810923303124422,0.006608276075394186,walking,0.0,12.46528467873669,0.0019261917526033874,3.4404841078425257,0.03338118461442663,walking,0.0,ok
bl-dex-mav,0xb442a660450aeb6bd852438ed32ee7a519c0da4f,150,2023-11-23,18667380.0,-88326.0,11732.750061436596,2066.8470045767745,False,2.5192262350568693,0.00036589091196731726,0.7562405354015139,0.0064455522485486,walking,0.0,6.911969005090937,0.0009951919271628561,2.056909453635537,0.017531349793227267,walking_incomplete,1.0,ok
bl-dex-mav,0xb442a660450aeb6bd852438ed32ee7a519c0da4f,180,2023-12-23,18883380.0,-86199.0,18033.948028346105,2312.6465938891492,False,155.4457717082531,0.028063747373795533,64.9015297757738,0.3598853100483617,walking,1.0,164.86103549169897,0.0297124383102904,68.71436925443456,0.3810278766825101,walking,1.0,ok
